Timestamp,Machine ID,Operator ID,Engine Hours,Fuel Used (L),Load Cycles,Idling Time (min),Seatbelt Status,Safety Alert Triggered,Task Time (min)
2025-05-01T06:00:00.000000000,EXC004,OP1006,1655.6,9.09,9,31,Fastened,No,55.5
2025-05-01T06:30:00.000000000,EXC003,OP1001,1647.5,4.75,7,32,Fastened,No,59.9
2025-05-01T06:30:00.000000000,EXC005,OP1005,1740.5,6.5,8,4,Fastened,No,49.4
2025-05-01T06:30:00.000000000,EXC003,OP1010,1645.1,5.69,11,19,Fastened,No,68.4
2025-05-01T06:30:00.000000000,EXC001,OP1008,1534.2,5.41,8,26,Fastened,No,49.0
2025-05-01T07:00:00.000000000,EXC002,OP1004,1610.0,4.83,8,45,Fastened,No,58.5
2025-05-01T07:30:00.000000000,EXC003,OP1001,1688.0,5.37,10,28,Fastened,No,42.8
2025-05-01T07:30:00.000000000,EXC005,OP1010,1721.6,4.67,5,31,Fastened,No,45.2
2025-05-01T07:30:00.000000000,EXC002,OP1007,1554.4,7.64,8,20,Unfastened,No,56.2
2025-05-01T08:30:00.000000000,EXC005,OP1004,1749.5,2.88,3,29,Fastened,No,37.6
2025-05-01T09:00:00.000000000,EXC001,OP1003,1531.4,2.13,2,46,Unfastened,Yes,20.6
2025-05-01T09:00:00.000000000,EXC002,OP1002,1601.5,4.63,8,28,Fastened,No,72.5
2025-05-01T10:00:00.000000000,EXC005,OP1006,1786.0,7.57,7,0,Unfastened,No,51.9
2025-05-01T10:00:00.000000000,EXC005,OP1001,1717.2,5.76,11,4,Fastened,No,53.3
2025-05-01T10:00:00.000000000,EXC003,OP1003,1664.3,4.42,5,52,Fastened,No,43.8
2025-05-01T11:00:00.000000000,EXC004,OP1008,1727.2,4.53,5,5,Unfastened,No,29.4
2025-05-01T11:00:00.000000000,EXC001,OP1007,1524.6,5.52,5,17,Fastened,No,30.9
2025-05-01T11:30:00.000000000,EXC002,OP1001,1595.6,9.96,10,3,Fastened,No,61.2
2025-05-01T12:00:00.000000000,EXC004,OP1007,1653.2,6.19,3,11,Fastened,No,26.3
2025-05-01T12:30:00.000000000,EXC003,OP1004,1631.2,5.8,5,25,Fastened,No,32.8
2025-05-01T12:30:00.000000000,EXC004,OP1008,1676.2,6.08,6,0,Fastened,No,41.4
2025-05-01T13:00:00.000000000,EXC001,OP1007,1507.0,8.29,14,22,Fastened,No,70.7
2025-05-01T13:30:00.000000000,EXC005,OP1006,1714.0,7.67,13,12,Fastened,No,69.2
2025-05-01T14:00:00.000000000,EXC002,OP1010,1603.1,8.89,14,4,Fastened,No,72.2
2025-05-01T14:30:00.000000000,EXC005,OP1010,1786.9,5.89,9,49,Fastened,No,65.9
2025-05-01T14:30:00.000000000,EXC002,OP1009,1585.6,6.19,5,29,Fastened,No,45.6
2025-05-01T15:30:00.000000000,EXC005,OP1003,1799.4,5.97,6,36,Unfastened,No,45.1
2025-05-01T15:30:00.000000000,EXC002,OP1003,1550.1,8.64,9,38,Fastened,No,63.2
2025-05-01T15:30:00.000000000,EXC002,OP1004,1647.7,5.52,8,20,Fastened,No,58.4
2025-05-01T16:00:00.000000000,EXC002,OP1009,1633.2,6.66,7,25,Fastened,No,39.1
2025-05-01T16:30:00.000000000,EXC002,OP1004,1634.3,7.5,12,21,Fastened,No,73.2
2025-05-01T16:30:00.000000000,EXC003,OP1003,1622.9,5.19,6,28,Fastened,No,30.5
2025-05-01T17:00:00.000000000,EXC002,OP1001,1610.9,6.66,6,41,Fastened,No,29.4
2025-05-01T17:30:00.000000000,EXC005,OP1010,1717.8,5.3,5,44,Unfastened,Yes,49.4
2025-05-01T18:00:00.000000000,EXC004,OP1005,1694.8,3.7,4,43,Fastened,No,56.0
2025-05-01T18:30:00.000000000,EXC003,OP1006,1656.0,4.8,5,0,Fastened,Yes,52.3
2025-05-01T18:30:00.000000000,EXC002,OP1004,1634.4,7.09,9,0,Fastened,No,51.2
2025-05-01T18:30:00.000000000,EXC004,OP1004,1732.3,7.1,8,0,Fastened,No,39.6
2025-05-01T19:00:00.000000000,EXC001,OP1009,1549.9,7.87,11,10,Fastened,No,67.0
2025-05-01T19:00:00.000000000,EXC003,OP1010,1661.9,5.98,6,0,Unfastened,No,35.9
2025-05-01T19:30:00.000000000,EXC002,OP1007,1642.2,5.93,4,46,Fastened,No,32.6
2025-05-01T20:00:00.000000000,EXC004,OP1002,1728.3,7.17,10,25,Fastened,No,63.1
2025-05-01T20:00:00.000000000,EXC003,OP1002,1689.2,4.69,7,42,Fastened,No,41.8
2025-05-01T20:30:00.000000000,EXC003,OP1007,1651.8,5.16,5,29,Fastened,No,48.6
2025-05-01T20:30:00.000000000,EXC005,OP1004,1762.8,5.69,9,32,Fastened,No,44.5
2025-05-01T21:30:00.000000000,EXC005,OP1008,1719.5,4.26,7,45,Fastened,No,63.4
2025-05-01T21:30:00.000000000,EXC003,OP1002,1638.6,4.87,6,42,Fastened,No,35.4
2025-05-01T22:30:00.000000000,EXC003,OP1008,1678.1,6.37,7,12,Fastened,No,48.0
2025-05-01T22:30:00.000000000,EXC004,OP1006,1650.2,6.85,6,31,Fastened,No,60.3
2025-05-01T23:00:00.000000000,EXC004,OP1001,1744.7,6.31,6,60,Fastened,No,41.2
2025-05-01T23:00:00.000000000,EXC005,OP1003,1747.6,5.48,7,5,Fastened,No,46.8
2025-05-02T00:00:00.000000000,EXC004,OP1001,1682.2,3.07,3,25,Fastened,Yes,31.8
2025-05-02T01:30:00.000000000,EXC001,OP1001,1510.3,5.14,6,32,Fastened,Yes,60.0
2025-05-02T01:30:00.000000000,EXC001,OP1002,1508.7,4.89,5,31,Unfastened,No,56.6
2025-05-02T02:00:00.000000000,EXC005,OP1006,1711.9,5.75,8,27,Unfastened,No,53.4
2025-05-02T03:00:00.000000000,EXC001,OP1006,1514.2,8.5,8,21,Fastened,No,69.9
2025-05-02T03:30:00.000000000,EXC002,OP1001,1594.8,10.38,13,12,Fastened,No,53.0
2025-05-02T03:30:00.000000000,EXC005,OP1009,1798.7,4.17,3,19,Fastened,No,24.6
2025-05-02T05:00:00.000000000,EXC002,OP1005,1638.3,10.35,15,2,Unfastened,No,71.2
2025-05-02T05:00:00.000000000,EXC002,OP1004,1643.1,5.3,8,17,Fastened,Yes,40.6
2025-05-02T05:00:00.000000000,EXC004,OP1006,1723.0,7.46,8,32,Fastened,No,52.6
2025-05-02T05:30:00.000000000,EXC005,OP1008,1791.4,4.82,3,43,Fastened,No,35.8
2025-05-02T06:00:00.000000000,EXC003,OP1007,1642.2,8.39,8,0,Fastened,No,65.9
2025-05-02T06:30:00.000000000,EXC003,OP1007,1632.9,7.14,7,37,Unfastened,No,48.5
2025-05-02T07:00:00.000000000,EXC002,OP1004,1636.2,6.0,7,25,Fastened,No,43.0
2025-05-02T07:30:00.000000000,EXC005,OP1008,1722.2,6.13,7,27,Fastened,No,47.3
2025-05-02T08:30:00.000000000,EXC005,OP1001,1786.2,11.01,10,47,Unfastened,Yes,55.4
2025-05-02T09:30:00.000000000,EXC005,OP1008,1721.4,3.04,4,22,Fastened,No,37.4
2025-05-02T10:30:00.000000000,EXC001,OP1002,1506.6,4.72,4,3,Fastened,No,27.0
2025-05-02T10:30:00.000000000,EXC001,OP1005,1529.0,5.67,8,13,Fastened,No,65.8
2025-05-02T10:30:00.000000000,EXC002,OP1005,1638.7,8.24,7,0,Fastened,No,54.5
2025-05-02T11:00:00.000000000,EXC003,OP1007,1613.3,4.94,2,16,Unfastened,No,21.8
2025-05-02T11:30:00.000000000,EXC003,OP1005,1615.8,4.86,3,64,Fastened,No,41.1
2025-05-02T12:00:00.000000000,EXC005,OP1004,1771.4,5.51,8,56,Unfastened,Yes,65.9
2025-05-02T12:00:00.000000000,EXC003,OP1004,1622.2,7.41,11,33,Fastened,No,71.7
2025-05-02T12:00:00.000000000,EXC005,OP1002,1762.2,5.83,5,14,Fastened,No,47.6
2025-05-02T13:00:00.000000000,EXC001,OP1009,1582.8,10.28,9,34,Unfastened,Yes,65.3
2025-05-02T15:30:00.000000000,EXC001,OP1007,1504.2,4.73,2,26,Fastened,No,21.1
2025-05-02T16:00:00.000000000,EXC002,OP1010,1591.4,7.99,13,24,Fastened,No,67.7
2025-05-02T16:30:00.000000000,EXC002,OP1004,1610.4,6.04,8,14,Fastened,No,47.4
2025-05-02T17:00:00.000000000,EXC001,OP1008,1566.4,7.82,9,2,Unfastened,No,57.8
2025-05-02T18:00:00.000000000,EXC001,OP1007,1537.3,7.76,14,26,Fastened,No,108.8
2025-05-02T18:30:00.000000000,EXC002,OP1004,1581.4,4.29,5,0,Fastened,No,36.9
2025-05-02T18:30:00.000000000,EXC002,OP1005,1587.9,5.02,4,1,Unfastened,No,24.2
2025-05-02T18:30:00.000000000,EXC002,OP1006,1644.2,5.92,9,58,Fastened,No,57.5
2025-05-02T19:30:00.000000000,EXC002,OP1005,1625.3,8.78,9,25,Fastened,No,55.2
2025-05-02T21:30:00.000000000,EXC005,OP1007,1748.0,4.25,5,1,Fastened,No,42.3
2025-05-02T22:00:00.000000000,EXC002,OP1003,1624.2,11.56,11,19,Fastened,No,77.5
2025-05-02T22:00:00.000000000,EXC005,OP1009,1701.3,4.4,5,17,Unfastened,Yes,47.3
2025-05-02T22:00:00.000000000,EXC001,OP1007,1592.3,6.39,8,28,Fastened,No,52.8
2025-05-02T22:00:00.000000000,EXC001,OP1009,1543.6,8.1,9,42,Unfastened,Yes,47.9
2025-05-02T22:30:00.000000000,EXC003,OP1005,1612.4,11.08,10,33,Unfastened,No,71.9
2025-05-02T22:30:00.000000000,EXC005,OP1009,1789.9,14.85,16,54,Unfastened,Yes,117.2
2025-05-02T23:00:00.000000000,EXC005,OP1002,1775.9,8.22,9,16,Fastened,No,66.7
2025-05-03T00:00:00.000000000,EXC003,OP1005,1611.1,6.4,5,0,Fastened,Yes,43.4
2025-05-03T00:00:00.000000000,EXC005,OP1006,1767.6,6.83,9,27,Fastened,No,43.9
2025-05-03T00:30:00.000000000,EXC005,OP1002,1751.1,12.28,14,13,Fastened,No,86.3
2025-05-03T01:30:00.000000000,EXC003,OP1002,1673.0,9.47,11,23,Fastened,No,65.6
2025-05-03T01:30:00.000000000,EXC001,OP1004,1540.4,6.0,5,29,Unfastened,No,32.0
2025-05-03T01:30:00.000000000,EXC001,OP1003,1537.7,4.83,9,0,Fastened,No,38.9
2025-05-03T02:00:00.000000000,EXC001,OP1001,1574.4,4.97,7,39,Fastened,No,41.6
2025-05-03T03:00:00.000000000,EXC001,OP1010,1574.2,6.57,11,15,Fastened,No,80.0
2025-05-03T03:00:00.000000000,EXC005,OP1010,1734.2,7.86,9,45,Fastened,No,49.4
2025-05-03T04:30:00.000000000,EXC005,OP1008,1725.2,9.82,10,24,Fastened,No,67.4
2025-05-03T05:30:00.000000000,EXC002,OP1009,1611.8,7.93,9,41,Fastened,No,74.7
2025-05-03T06:00:00.000000000,EXC001,OP1001,1563.1,3.29,4,45,Fastened,No,31.4
2025-05-03T07:00:00.000000000,EXC002,OP1009,1568.7,9.38,15,36,Fastened,No,85.2
2025-05-03T08:00:00.000000000,EXC001,OP1001,1541.6,8.45,9,38,Unfastened,No,78.4
2025-05-03T08:30:00.000000000,EXC001,OP1007,1552.1,9.0,10,72,Fastened,Yes,66.0
2025-05-03T09:00:00.000000000,EXC001,OP1007,1568.2,4.07,8,0,Unfastened,No,39.0
2025-05-03T10:00:00.000000000,EXC003,OP1001,1612.7,7.11,9,0,Fastened,No,51.1
2025-05-03T10:30:00.000000000,EXC002,OP1002,1588.6,10.87,9,49,Fastened,No,59.1
2025-05-03T11:00:00.000000000,EXC005,OP1006,1708.1,3.49,2,16,Unfastened,No,23.6
2025-05-03T12:30:00.000000000,EXC005,OP1008,1730.6,11.77,10,6,Fastened,No,76.1
2025-05-03T13:00:00.000000000,EXC004,OP1004,1713.3,8.43,11,0,Unfastened,No,74.9
2025-05-03T14:00:00.000000000,EXC003,OP1006,1690.7,9.13,15,11,Fastened,No,113.6
2025-05-03T14:30:00.000000000,EXC004,OP1009,1687.9,8.03,8,0,Unfastened,No,65.7
2025-05-03T14:30:00.000000000,EXC002,OP1005,1585.8,6.07,9,0,Unfastened,No,47.3
2025-05-03T15:00:00.000000000,EXC003,OP1007,1661.9,6.39,13,0,Fastened,No,97.2
2025-05-03T15:00:00.000000000,EXC003,OP1001,1638.3,7.48,6,57,Fastened,No,52.7
2025-05-03T16:00:00.000000000,EXC002,OP1004,1569.5,7.8,7,36,Fastened,No,58.9
2025-05-03T17:00:00.000000000,EXC002,OP1007,1627.4,3.9,8,65,Fastened,No,66.8
2025-05-03T17:00:00.000000000,EXC003,OP1009,1698.3,4.9,6,35,Fastened,No,44.4
2025-05-03T17:30:00.000000000,EXC001,OP1006,1508.8,7.97,7,27,Unfastened,No,34.2
2025-05-03T17:30:00.000000000,EXC002,OP1003,1572.6,5.07,11,48,Unfastened,Yes,63.8
2025-05-03T18:00:00.000000000,EXC005,OP1007,1783.7,3.7,2,6,Unfastened,No,19.7
2025-05-03T18:30:00.000000000,EXC004,OP1003,1688.1,5.16,4,37,Fastened,No,36.2
2025-05-03T19:30:00.000000000,EXC005,OP1004,1734.5,7.03,6,34,Fastened,No,55.9
2025-05-03T20:30:00.000000000,EXC005,OP1008,1792.7,10.01,10,48,Fastened,No,41.9
2025-05-03T21:30:00.000000000,EXC002,OP1008,1551.2,7.46,5,24,Fastened,No,41.1
2025-05-03T21:30:00.000000000,EXC001,OP1001,1588.5,4.07,4,0,Fastened,No,28.7
2025-05-03T21:30:00.000000000,EXC003,OP1005,1619.1,7.02,9,48,Fastened,No,52.6
2025-05-03T21:30:00.000000000,EXC004,OP1006,1680.5,8.96,12,25,Fastened,No,58.7
2025-05-03T22:00:00.000000000,EXC003,OP1001,1698.9,6.59,7,38,Fastened,No,56.5
2025-05-03T22:30:00.000000000,EXC002,OP1002,1639.9,5.75,8,28,Fastened,No,64.4
2025-05-03T23:30:00.000000000,EXC005,OP1005,1797.3,8.0,9,17,Unfastened,No,48.7
2025-05-04T01:00:00.000000000,EXC003,OP1007,1661.3,6.68,7,12,Fastened,No,43.4
2025-05-04T01:00:00.000000000,EXC004,OP1002,1730.0,5.37,7,14,Unfastened,No,49.3
2025-05-04T01:00:00.000000000,EXC003,OP1008,1659.1,4.3,7,35,Fastened,No,49.3
2025-05-04T01:00:00.000000000,EXC004,OP1005,1681.0,2.67,5,24,Unfastened,No,46.0
2025-05-04T01:30:00.000000000,EXC004,OP1001,1725.3,9.01,7,23,Unfastened,No,60.1
2025-05-04T02:30:00.000000000,EXC001,OP1004,1579.1,7.82,7,29,Fastened,Yes,33.6
2025-05-04T03:00:00.000000000,EXC002,OP1004,1569.8,5.73,8,45,Fastened,No,65.4
2025-05-04T03:30:00.000000000,EXC002,OP1007,1632.0,6.1,11,58,Unfastened,Yes,64.3
2025-05-04T03:30:00.000000000,EXC004,OP1003,1737.3,7.52,9,21,Fastened,No,52.8
2025-05-04T04:30:00.000000000,EXC005,OP1009,1741.6,3.32,3,32,Fastened,No,26.8
2025-05-04T05:30:00.000000000,EXC003,OP1002,1634.5,9.31,7,0,Unfastened,No,54.9
2025-05-04T05:30:00.000000000,EXC001,OP1008,1543.5,4.96,6,35,Fastened,No,39.6
2025-05-04T05:30:00.000000000,EXC001,OP1005,1520.8,7.03,10,17,Fastened,No,32.0
2025-05-04T06:00:00.000000000,EXC003,OP1008,1633.0,8.89,11,48,Fastened,No,61.4
2025-05-04T06:30:00.000000000,EXC004,OP1005,1726.6,3.91,7,40,Fastened,No,76.4
2025-05-04T06:30:00.000000000,EXC001,OP1009,1532.1,3.96,7,38,Fastened,No,52.1
2025-05-04T06:30:00.000000000,EXC001,OP1003,1578.3,6.59,9,28,Fastened,No,48.5
2025-05-04T07:30:00.000000000,EXC001,OP1009,1535.1,10.2,17,4,Fastened,No,92.8
2025-05-04T08:00:00.000000000,EXC003,OP1002,1677.6,9.67,8,22,Fastened,No,73.9
2025-05-04T08:30:00.000000000,EXC003,OP1001,1658.3,4.39,8,9,Fastened,No,39.4
2025-05-04T09:00:00.000000000,EXC004,OP1004,1679.9,6.1,8,34,Fastened,No,67.4
2025-05-04T09:00:00.000000000,EXC004,OP1009,1745.6,7.06,10,16,Fastened,No,75.9
2025-05-04T10:00:00.000000000,EXC005,OP1005,1711.3,7.62,6,29,Fastened,No,43.5
2025-05-04T11:00:00.000000000,EXC005,OP1001,1762.8,4.67,8,7,Fastened,No,72.6
2025-05-04T11:00:00.000000000,EXC001,OP1001,1554.0,8.57,9,17,Unfastened,No,57.0
2025-05-04T12:00:00.000000000,EXC002,OP1009,1601.4,5.95,9,27,Fastened,No,61.1
2025-05-04T13:30:00.000000000,EXC001,OP1003,1575.1,10.72,10,0,Fastened,No,65.2
2025-05-04T15:00:00.000000000,EXC005,OP1008,1784.8,5.47,8,3,Unfastened,No,43.0
2025-05-04T15:30:00.000000000,EXC002,OP1009,1615.9,7.31,9,17,Fastened,No,41.0
2025-05-04T16:00:00.000000000,EXC002,OP1005,1597.7,3.44,7,13,Fastened,No,54.0
2025-05-04T17:00:00.000000000,EXC005,OP1005,1724.6,9.84,9,3,Fastened,No,46.7
2025-05-04T18:00:00.000000000,EXC005,OP1003,1795.9,12.43,13,38,Fastened,No,70.2
2025-05-04T18:30:00.000000000,EXC003,OP1010,1642.6,8.02,7,31,Fastened,No,32.2
2025-05-04T19:00:00.000000000,EXC004,OP1001,1693.0,7.75,10,42,Unfastened,Yes,75.4
2025-05-04T19:30:00.000000000,EXC002,OP1009,1628.6,7.17,9,15,Fastened,No,65.8
2025-05-04T20:00:00.000000000,EXC003,OP1007,1626.4,3.08,6,25,Unfastened,No,31.8
2025-05-04T20:30:00.000000000,EXC004,OP1007,1678.9,6.37,7,0,Fastened,No,43.7
2025-05-04T20:30:00.000000000,EXC005,OP1008,1706.2,5.29,7,32,Fastened,No,44.5
2025-05-04T21:00:00.000000000,EXC005,OP1002,1729.9,5.07,4,44,Fastened,No,43.0
2025-05-04T21:00:00.000000000,EXC005,OP1010,1709.7,9.58,10,31,Fastened,No,51.1
2025-05-04T21:00:00.000000000,EXC005,OP1001,1736.5,5.4,5,21,Fastened,No,39.5
2025-05-04T21:30:00.000000000,EXC003,OP1006,1672.8,5.03,4,28,Unfastened,No,32.4
2025-05-04T22:00:00.000000000,EXC005,OP1005,1771.3,4.63,8,8,Fastened,No,58.6
2025-05-04T22:30:00.000000000,EXC004,OP1008,1725.1,7.95,12,22,Fastened,Yes,53.3
2025-05-04T22:30:00.000000000,EXC001,OP1002,1500.3,5.07,7,0,Fastened,Yes,38.2
2025-05-05T02:00:00.000000000,EXC003,OP1001,1646.7,7.11,7,26,Fastened,No,43.2
2025-05-05T03:30:00.000000000,EXC005,OP1009,1796.3,4.32,2,32,Fastened,No,34.1
2025-05-05T04:30:00.000000000,EXC003,OP1008,1665.5,7.0,9,2,Fastened,Yes,69.9
2025-05-05T05:00:00.000000000,EXC001,OP1003,1566.5,4.94,7,12,Unfastened,Yes,45.3
2025-05-05T05:30:00.000000000,EXC003,OP1005,1684.4,3.43,2,41,Unfastened,Yes,27.4
2025-05-05T06:00:00.000000000,EXC001,OP1008,1511.3,7.22,9,3,Fastened,No,69.1
2025-05-05T06:30:00.000000000,EXC003,OP1010,1679.2,8.65,14,49,Fastened,No,88.8
2025-05-05T08:30:00.000000000,EXC002,OP1009,1574.7,5.07,5,39,Fastened,No,48.4
2025-05-05T09:00:00.000000000,EXC003,OP1007,1625.0,6.39,7,16,Fastened,No,37.9
2025-05-05T09:00:00.000000000,EXC002,OP1005,1613.5,6.19,10,44,Fastened,No,38.0
2025-05-05T09:00:00.000000000,EXC005,OP1001,1768.9,6.89,7,21,Fastened,No,57.9
2025-05-05T10:00:00.000000000,EXC004,OP1003,1652.9,7.42,8,11,Fastened,No,71.4
2025-05-05T10:30:00.000000000,EXC002,OP1008,1614.8,6.78,9,40,Fastened,No,72.6
2025-05-05T11:30:00.000000000,EXC002,OP1006,1555.8,3.91,4,4,Fastened,No,32.9
2025-05-05T11:30:00.000000000,EXC002,OP1004,1561.4,7.53,7,18,Fastened,No,51.7
2025-05-05T12:30:00.000000000,EXC004,OP1003,1699.2,9.01,8,56,Fastened,No,68.1
2025-05-05T12:30:00.000000000,EXC004,OP1005,1685.3,5.92,8,33,Fastened,No,68.6
2025-05-05T13:00:00.000000000,EXC005,OP1006,1796.4,8.11,9,16,Unfastened,No,69.4
2025-05-05T15:30:00.000000000,EXC002,OP1005,1617.5,9.6,11,24,Fastened,No,81.5
2025-05-05T16:00:00.000000000,EXC005,OP1006,1724.4,7.92,7,20,Unfastened,No,54.7
2025-05-05T16:30:00.000000000,EXC005,OP1009,1777.2,9.15,11,29,Fastened,No,56.6
2025-05-05T19:00:00.000000000,EXC005,OP1009,1718.9,3.73,5,0,Fastened,No,27.5
2025-05-05T19:30:00.000000000,EXC005,OP1009,1701.9,4.93,7,39,Fastened,Yes,63.6
2025-05-05T20:00:00.000000000,EXC003,OP1003,1647.9,4.31,7,12,Unfastened,No,50.8
2025-05-05T20:00:00.000000000,EXC002,OP1001,1571.9,2.92,5,13,Fastened,No,30.7
2025-05-05T21:00:00.000000000,EXC005,OP1003,1761.5,4.99,5,52,Unfastened,Yes,33.8
2025-05-05T21:30:00.000000000,EXC001,OP1003,1522.6,7.86,7,48,Unfastened,Yes,50.6
2025-05-05T21:30:00.000000000,EXC003,OP1010,1602.2,6.55,13,54,Unfastened,Yes,58.2
2025-05-05T22:00:00.000000000,EXC004,OP1009,1663.3,9.14,10,14,Fastened,No,44.2
2025-05-05T22:30:00.000000000,EXC002,OP1004,1594.1,6.19,5,80,Unfastened,Yes,44.7
2025-05-05T23:30:00.000000000,EXC003,OP1009,1681.1,5.99,10,37,Unfastened,No,71.5
2025-05-06T01:00:00.000000000,EXC004,OP1007,1698.9,5.73,8,28,Fastened,No,56.9
2025-05-06T01:00:00.000000000,EXC001,OP1008,1532.5,3.71,6,27,Unfastened,No,43.7
2025-05-06T02:30:00.000000000,EXC005,OP1008,1774.9,10.11,10,9,Fastened,No,72.0
2025-05-06T04:00:00.000000000,EXC001,OP1005,1517.1,7.09,8,0,Fastened,No,43.1
2025-05-06T04:30:00.000000000,EXC005,OP1006,1751.1,6.62,9,7,Fastened,No,52.6
2025-05-06T05:00:00.000000000,EXC003,OP1009,1674.6,9.11,10,37,Fastened,No,68.8
2025-05-06T05:30:00.000000000,EXC001,OP1008,1563.7,6.14,7,28,Fastened,No,59.7
2025-05-06T06:00:00.000000000,EXC005,OP1003,1784.8,7.04,8,38,Fastened,No,71.7
2025-05-06T06:00:00.000000000,EXC001,OP1009,1554.3,7.32,7,20,Unfastened,No,56.0
2025-05-06T07:00:00.000000000,EXC004,OP1007,1712.8,10.24,10,13,Fastened,No,60.0
2025-05-06T07:00:00.000000000,EXC005,OP1009,1798.4,5.69,11,9,Fastened,No,40.3
2025-05-06T07:30:00.000000000,EXC001,OP1004,1579.7,8.75,8,33,Fastened,No,54.1
2025-05-06T07:30:00.000000000,EXC004,OP1006,1720.6,5.86,8,42,Fastened,Yes,56.9
2025-05-06T08:00:00.000000000,EXC001,OP1009,1505.5,7.69,6,28,Fastened,No,37.6
2025-05-06T08:30:00.000000000,EXC004,OP1004,1736.7,5.55,12,47,Fastened,No,93.1
2025-05-06T11:00:00.000000000,EXC003,OP1008,1614.9,6.36,8,33,Fastened,No,61.8
2025-05-06T11:30:00.000000000,EXC004,OP1005,1653.9,5.41,6,25,Fastened,No,49.2
2025-05-06T12:30:00.000000000,EXC003,OP1006,1627.0,11.28,17,0,Fastened,No,112.1
2025-05-06T12:30:00.000000000,EXC005,OP1004,1712.3,3.14,5,42,Fastened,No,44.4
2025-05-06T12:30:00.000000000,EXC001,OP1005,1514.3,7.03,6,24,Unfastened,No,48.1
2025-05-06T13:00:00.000000000,EXC004,OP1004,1721.8,10.93,11,36,Fastened,No,73.9
2025-05-06T13:00:00.000000000,EXC004,OP1002,1688.0,5.24,6,44,Fastened,No,53.1
2025-05-06T14:30:00.000000000,EXC002,OP1007,1649.6,6.48,5,40,Fastened,No,31.3
2025-05-06T14:30:00.000000000,EXC003,OP1008,1625.6,3.57,3,42,Unfastened,No,31.3
2025-05-06T15:00:00.000000000,EXC005,OP1009,1704.5,3.28,4,32,Unfastened,No,31.9
2025-05-06T15:30:00.000000000,EXC004,OP1005,1718.9,12.35,13,38,Fastened,No,54.4
2025-05-06T16:30:00.000000000,EXC001,OP1005,1535.2,3.65,5,52,Fastened,No,48.9
2025-05-06T17:00:00.000000000,EXC005,OP1010,1777.8,6.59,5,14,Fastened,No,29.3
2025-05-06T17:30:00.000000000,EXC002,OP1010,1631.1,11.32,11,40,Unfastened,No,95.0
2025-05-06T18:00:00.000000000,EXC004,OP1002,1744.8,8.06,10,24,Fastened,No,76.0
2025-05-06T19:00:00.000000000,EXC005,OP1001,1751.8,10.1,12,11,Unfastened,No,79.7
2025-05-06T19:00:00.000000000,EXC005,OP1007,1764.3,4.04,2,24,Fastened,No,22.5
2025-05-06T19:30:00.000000000,EXC003,OP1003,1661.4,10.44,10,0,Unfastened,No,52.7
2025-05-06T19:30:00.000000000,EXC001,OP1003,1505.1,8.46,12,1,Fastened,No,94.6
2025-05-06T19:30:00.000000000,EXC004,OP1009,1672.0,6.46,5,61,Fastened,No,48.0
2025-05-06T20:00:00.000000000,EXC001,OP1002,1598.5,5.23,5,27,Fastened,No,50.2
2025-05-06T20:00:00.000000000,EXC001,OP1009,1528.1,3.29,2,40,Fastened,No,35.4
2025-05-06T21:30:00.000000000,EXC001,OP1010,1539.1,7.44,11,4,Fastened,No,84.2
2025-05-06T21:30:00.000000000,EXC005,OP1007,1725.5,8.34,7,2,Fastened,No,33.7
2025-05-06T21:30:00.000000000,EXC003,OP1005,1639.9,10.55,12,10,Fastened,No,72.3
2025-05-06T21:30:00.000000000,EXC001,OP1006,1505.5,6.44,13,46,Fastened,No,109.4
2025-05-06T23:00:00.000000000,EXC002,OP1008,1559.6,7.18,8,15,Fastened,No,50.9
2025-05-06T23:00:00.000000000,EXC004,OP1003,1737.9,8.23,6,23,Fastened,No,36.7
2025-05-07T00:00:00.000000000,EXC002,OP1006,1554.3,7.97,8,36,Fastened,No,62.2
2025-05-07T00:30:00.000000000,EXC004,OP1002,1737.4,10.09,11,64,Fastened,No,102.8
2025-05-07T01:30:00.000000000,EXC001,OP1009,1567.3,7.34,9,0,Fastened,No,65.0
2025-05-07T02:30:00.000000000,EXC002,OP1010,1565.2,7.25,9,9,Unfastened,No,57.0
2025-05-07T03:00:00.000000000,EXC002,OP1005,1603.7,6.78,9,0,Fastened,No,37.6
2025-05-07T05:00:00.000000000,EXC004,OP1002,1736.7,9.51,14,5,Fastened,No,87.8
2025-05-07T05:30:00.000000000,EXC004,OP1006,1735.1,7.75,10,32,Fastened,No,94.7
2025-05-07T05:30:00.000000000,EXC001,OP1008,1533.3,7.32,6,16,Fastened,No,27.1
2025-05-07T06:00:00.000000000,EXC002,OP1006,1622.0,6.83,5,48,Fastened,No,39.1
2025-05-07T06:00:00.000000000,EXC002,OP1009,1562.0,3.63,3,6,Fastened,No,32.2
2025-05-07T06:00:00.000000000,EXC005,OP1004,1748.5,5.87,6,27,Fastened,No,49.0
2025-05-07T07:00:00.000000000,EXC002,OP1006,1613.3,6.24,8,42,Fastened,No,69.6
2025-05-07T09:00:00.000000000,EXC002,OP1007,1556.8,10.15,9,41,Fastened,No,70.9
2025-05-07T09:30:00.000000000,EXC003,OP1003,1618.7,10.09,12,0,Fastened,No,62.1
2025-05-07T09:30:00.000000000,EXC003,OP1005,1651.4,5.67,6,39,Unfastened,No,52.5
2025-05-07T10:00:00.000000000,EXC002,OP1005,1599.5,7.05,12,48,Fastened,No,87.1
2025-05-07T11:30:00.000000000,EXC004,OP1007,1742.7,5.13,4,36,Fastened,No,39.7
2025-05-07T11:30:00.000000000,EXC003,OP1006,1645.7,3.6,4,0,Fastened,No,35.4
2025-05-07T12:00:00.000000000,EXC005,OP1005,1799.9,7.86,10,16,Fastened,No,71.2
2025-05-07T12:00:00.000000000,EXC005,OP1001,1775.0,5.35,7,50,Fastened,No,52.7
2025-05-07T12:30:00.000000000,EXC004,OP1003,1650.5,4.62,5,49,Unfastened,No,54.8
2025-05-07T13:30:00.000000000,EXC001,OP1006,1559.7,5.46,4,7,Fastened,No,36.7
2025-05-07T14:00:00.000000000,EXC004,OP1006,1728.7,6.5,8,26,Fastened,No,62.5
2025-05-07T14:30:00.000000000,EXC004,OP1003,1712.6,9.04,8,39,Fastened,No,60.3
2025-05-07T16:00:00.000000000,EXC002,OP1007,1558.6,10.23,12,29,Fastened,No,86.5
2025-05-07T16:30:00.000000000,EXC001,OP1008,1542.7,6.26,5,73,Unfastened,No,60.2
2025-05-07T17:00:00.000000000,EXC003,OP1009,1623.9,7.55,7,33,Fastened,No,43.0
2025-05-07T17:00:00.000000000,EXC005,OP1006,1707.7,11.93,11,6,Unfastened,No,67.2
2025-05-07T17:30:00.000000000,EXC001,OP1005,1597.6,5.71,9,31,Unfastened,No,46.3
2025-05-07T18:00:00.000000000,EXC001,OP1003,1508.7,9.5,11,32,Fastened,No,68.2
2025-05-07T19:00:00.000000000,EXC001,OP1005,1527.1,5.59,3,41,Unfastened,Yes,27.8
2025-05-07T20:00:00.000000000,EXC001,OP1009,1559.7,7.44,9,42,Fastened,No,63.8
2025-05-07T20:30:00.000000000,EXC002,OP1005,1631.5,7.98,8,28,Unfastened,No,63.8
2025-05-07T22:00:00.000000000,EXC005,OP1009,1740.0,6.11,10,1,Fastened,No,59.5
2025-05-07T23:30:00.000000000,EXC004,OP1004,1672.0,4.49,6,15,Fastened,No,40.0
2025-05-08T00:00:00.000000000,EXC005,OP1002,1713.3,6.29,5,64,Fastened,No,31.0
2025-05-08T01:00:00.000000000,EXC001,OP1001,1501.2,5.98,6,52,Fastened,No,31.7
2025-05-08T01:00:00.000000000,EXC003,OP1004,1660.2,6.49,7,29,Fastened,No,57.1
2025-05-08T01:30:00.000000000,EXC002,OP1005,1550.7,6.02,10,35,Fastened,No,60.8
2025-05-08T01:30:00.000000000,EXC001,OP1008,1530.6,9.1,10,25,Fastened,No,55.5
2025-05-08T02:00:00.000000000,EXC004,OP1002,1747.1,5.88,10,41,Fastened,No,70.1
2025-05-08T02:00:00.000000000,EXC005,OP1002,1765.0,10.82,12,0,Fastened,No,81.4
2025-05-08T04:30:00.000000000,EXC002,OP1004,1598.4,7.18,7,36,Fastened,No,44.7
2025-05-08T05:30:00.000000000,EXC005,OP1007,1723.9,7.5,10,0,Fastened,No,60.7
2025-05-08T06:00:00.000000000,EXC002,OP1002,1577.5,7.76,12,18,Fastened,No,65.5
2025-05-08T06:00:00.000000000,EXC002,OP1009,1579.7,4.5,6,36,Fastened,No,28.5
2025-05-08T06:30:00.000000000,EXC004,OP1006,1676.7,6.58,15,16,Fastened,No,90.9
2025-05-08T06:30:00.000000000,EXC005,OP1001,1755.7,6.82,8,2,Fastened,No,61.6
2025-05-08T07:00:00.000000000,EXC004,OP1006,1665.0,7.2,6,26,Fastened,No,47.7
2025-05-08T07:30:00.000000000,EXC005,OP1007,1701.4,7.46,10,25,Fastened,No,72.5
2025-05-08T10:00:00.000000000,EXC002,OP1003,1638.7,10.05,13,22,Unfastened,No,101.9
2025-05-08T10:00:00.000000000,EXC005,OP1006,1750.0,6.32,8,14,Fastened,No,52.6
2025-05-08T10:30:00.000000000,EXC004,OP1003,1719.4,9.92,11,1,Fastened,No,64.3
2025-05-08T10:30:00.000000000,EXC001,OP1007,1532.8,7.27,7,22,Unfastened,No,47.1
2025-05-08T11:00:00.000000000,EXC005,OP1005,1734.6,6.76,9,39,Fastened,Yes,64.3
2025-05-08T12:00:00.000000000,EXC001,OP1007,1526.0,5.0,4,14,Fastened,No,25.6
2025-05-08T12:30:00.000000000,EXC002,OP1004,1608.8,8.51,8,14,Fastened,No,38.6
2025-05-08T12:30:00.000000000,EXC003,OP1001,1617.8,6.37,5,25,Fastened,No,30.6
2025-05-08T13:00:00.000000000,EXC004,OP1009,1703.6,5.17,11,24,Fastened,No,90.8
2025-05-08T13:30:00.000000000,EXC005,OP1006,1774.4,7.51,9,27,Unfastened,No,62.9
2025-05-08T13:30:00.000000000,EXC005,OP1005,1794.3,8.33,9,25,Fastened,No,66.9
2025-05-08T14:30:00.000000000,EXC004,OP1002,1739.0,8.08,9,27,Fastened,No,68.0
2025-05-08T15:00:00.000000000,EXC003,OP1010,1614.7,4.56,4,13,Fastened,No,21.6
2025-05-08T16:00:00.000000000,EXC001,OP1003,1569.9,7.6,13,37,Fastened,Yes,63.6
2025-05-08T17:00:00.000000000,EXC001,OP1003,1583.7,10.13,9,18,Unfastened,No,47.8
2025-05-08T18:00:00.000000000,EXC005,OP1004,1796.0,10.65,9,7,Fastened,No,59.7
2025-05-08T18:00:00.000000000,EXC001,OP1010,1524.3,11.3,13,41,Fastened,No,98.0
2025-05-08T18:00:00.000000000,EXC002,OP1004,1577.8,5.14,7,0,Unfastened,No,46.3
2025-05-08T18:00:00.000000000,EXC004,OP1010,1745.7,5.86,4,6,Unfastened,No,29.6
2025-05-08T18:30:00.000000000,EXC004,OP1007,1746.1,4.5,4,37,Fastened,No,53.6
2025-05-08T19:00:00.000000000,EXC002,OP1007,1586.6,10.55,13,16,Fastened,No,88.8
2025-05-08T19:30:00.000000000,EXC002,OP1007,1569.3,5.05,6,37,Fastened,No,50.7
2025-05-08T20:00:00.000000000,EXC001,OP1006,1595.3,3.65,2,38,Fastened,No,20.6
2025-05-08T20:00:00.000000000,EXC002,OP1010,1591.4,8.19,9,12,Unfastened,No,50.5
2025-05-08T21:00:00.000000000,EXC003,OP1004,1624.5,6.81,7,4,Fastened,No,41.1
2025-05-08T22:30:00.000000000,EXC003,OP1002,1604.6,6.54,6,53,Fastened,No,52.6
2025-05-08T22:30:00.000000000,EXC004,OP1004,1699.9,6.37,9,27,Fastened,No,72.1
2025-05-08T23:00:00.000000000,EXC001,OP1005,1571.8,6.51,9,25,Unfastened,No,42.0
2025-05-08T23:30:00.000000000,EXC002,OP1001,1640.6,5.38,6,45,Fastened,No,37.7
2025-05-08T23:30:00.000000000,EXC003,OP1001,1608.9,5.63,5,0,Fastened,No,19.7
2025-05-09T01:00:00.000000000,EXC001,OP1010,1513.3,7.46,6,29,Fastened,No,35.6
2025-05-09T01:00:00.000000000,EXC003,OP1001,1627.4,6.39,4,10,Fastened,No,41.5
2025-05-09T01:30:00.000000000,EXC004,OP1003,1663.3,2.85,3,27,Fastened,No,31.6
2025-05-09T02:30:00.000000000,EXC004,OP1008,1679.5,8.62,7,60,Fastened,No,50.1
2025-05-09T02:30:00.000000000,EXC005,OP1001,1725.5,11.43,12,70,Unfastened,Yes,66.4
2025-05-09T03:00:00.000000000,EXC003,OP1007,1641.3,9.38,11,23,Fastened,No,68.0
2025-05-09T05:30:00.000000000,EXC003,OP1005,1601.9,5.16,7,0,Fastened,No,43.9
2025-05-09T07:00:00.000000000,EXC005,OP1003,1709.9,6.84,5,16,Unfastened,No,42.4
2025-05-09T07:30:00.000000000,EXC004,OP1005,1741.6,7.5,14,13,Fastened,Yes,77.0
2025-05-09T08:00:00.000000000,EXC003,OP1010,1612.9,9.72,11,89,Unfastened,Yes,84.8
2025-05-09T08:30:00.000000000,EXC004,OP1005,1714.7,4.01,6,0,Fastened,No,39.5
2025-05-09T09:30:00.000000000,EXC005,OP1007,1715.5,6.79,7,0,Fastened,No,52.5
2025-05-09T11:30:00.000000000,EXC002,OP1001,1607.9,6.02,8,0,Fastened,No,34.5
2025-05-09T11:30:00.000000000,EXC004,OP1010,1667.2,6.7,8,3,Fastened,No,43.1
2025-05-09T11:30:00.000000000,EXC003,OP1006,1650.2,4.47,8,13,Fastened,No,63.6
2025-05-09T12:30:00.000000000,EXC004,OP1010,1709.9,5.38,4,20,Fastened,No,43.0
2025-05-09T12:30:00.000000000,EXC004,OP1004,1700.8,6.84,11,0,Fastened,No,77.7
2025-05-09T13:00:00.000000000,EXC004,OP1002,1682.4,6.04,10,32,Fastened,No,65.5
2025-05-09T13:30:00.000000000,EXC004,OP1010,1731.2,7.09,10,21,Unfastened,No,57.4
2025-05-09T14:00:00.000000000,EXC001,OP1002,1532.3,8.49,9,35,Unfastened,No,41.2
2025-05-09T15:30:00.000000000,EXC002,OP1004,1644.5,8.77,7,20,Fastened,No,55.8
2025-05-09T17:30:00.000000000,EXC004,OP1002,1652.2,6.63,15,45,Fastened,No,56.7
2025-05-09T17:30:00.000000000,EXC002,OP1009,1557.4,11.21,13,3,Fastened,No,84.5
2025-05-09T19:30:00.000000000,EXC003,OP1002,1601.6,8.09,7,14,Fastened,Yes,55.0
2025-05-09T20:00:00.000000000,EXC004,OP1001,1696.6,9.73,11,58,Fastened,No,88.2
2025-05-09T20:30:00.000000000,EXC004,OP1005,1681.2,5.88,6,12,Fastened,No,39.4
2025-05-09T21:00:00.000000000,EXC002,OP1010,1612.2,6.46,6,4,Unfastened,No,39.3
2025-05-09T23:00:00.000000000,EXC003,OP1005,1651.3,6.26,14,24,Unfastened,No,81.8
2025-05-09T23:00:00.000000000,EXC003,OP1003,1635.7,6.53,7,3,Unfastened,No,50.2
2025-05-09T23:30:00.000000000,EXC004,OP1002,1723.5,8.78,9,23,Fastened,No,77.5
2025-05-10T00:00:00.000000000,EXC005,OP1010,1771.8,6.01,5,0,Unfastened,No,35.6
2025-05-10T00:00:00.000000000,EXC002,OP1010,1620.4,3.66,6,21,Fastened,No,65.9
2025-05-10T01:00:00.000000000,EXC005,OP1001,1758.3,5.79,6,43,Fastened,No,47.0
2025-05-10T02:00:00.000000000,EXC003,OP1005,1631.8,8.47,11,67,Fastened,Yes,74.8
2025-05-10T02:30:00.000000000,EXC004,OP1006,1741.9,6.61,11,26,Unfastened,No,51.5
2025-05-10T03:00:00.000000000,EXC003,OP1005,1683.7,3.01,4,49,Fastened,No,29.8
2025-05-10T03:30:00.000000000,EXC001,OP1004,1512.5,4.87,4,0,Fastened,No,15.6
2025-05-10T03:30:00.000000000,EXC004,OP1010,1669.6,5.61,9,24,Unfastened,No,45.4
2025-05-10T04:00:00.000000000,EXC002,OP1003,1574.3,5.29,7,37,Fastened,No,64.8
2025-05-10T04:30:00.000000000,EXC005,OP1007,1708.2,7.54,9,22,Fastened,No,42.1
2025-05-10T04:30:00.000000000,EXC005,OP1008,1705.4,7.88,8,29,Fastened,No,55.2
2025-05-10T05:30:00.000000000,EXC003,OP1008,1695.0,6.74,6,23,Fastened,No,43.4
2025-05-10T06:30:00.000000000,EXC003,OP1001,1604.0,6.27,7,57,Fastened,No,44.6
2025-05-10T07:00:00.000000000,EXC003,OP1005,1679.5,3.86,6,27,Fastened,No,47.3
2025-05-10T08:30:00.000000000,EXC004,OP1009,1744.1,5.75,7,0,Unfastened,No,40.7
2025-05-10T10:00:00.000000000,EXC003,OP1008,1698.3,4.73,8,56,Unfastened,Yes,50.4
2025-05-10T12:00:00.000000000,EXC004,OP1009,1727.7,5.47,5,19,Fastened,No,40.2
2025-05-10T12:00:00.000000000,EXC001,OP1002,1563.0,6.7,10,31,Fastened,No,58.9
2025-05-10T12:30:00.000000000,EXC005,OP1007,1794.6,9.67,9,35,Fastened,No,76.6
2025-05-10T13:30:00.000000000,EXC002,OP1008,1643.8,4.95,7,39,Fastened,No,65.4
2025-05-10T13:30:00.000000000,EXC002,OP1009,1553.3,5.01,5,36,Fastened,No,47.7
2025-05-10T14:00:00.000000000,EXC002,OP1002,1607.5,6.73,10,19,Fastened,No,62.0
2025-05-10T15:30:00.000000000,EXC005,OP1004,1753.4,7.21,5,18,Fastened,No,26.4
2025-05-10T17:30:00.000000000,EXC001,OP1009,1598.8,6.91,8,74,Fastened,Yes,75.2
2025-05-10T17:30:00.000000000,EXC003,OP1010,1698.1,5.91,11,49,Fastened,No,96.4
2025-05-10T17:30:00.000000000,EXC002,OP1009,1601.8,9.8,8,42,Fastened,No,66.8
2025-05-10T18:30:00.000000000,EXC001,OP1010,1550.7,3.76,4,9,Fastened,No,32.9
2025-05-10T18:30:00.000000000,EXC001,OP1004,1556.7,14.08,14,43,Fastened,No,75.7
2025-05-10T19:30:00.000000000,EXC001,OP1004,1513.6,4.54,8,66,Fastened,Yes,66.4
2025-05-10T20:30:00.000000000,EXC003,OP1005,1650.4,10.36,11,40,Fastened,No,69.5
2025-05-10T21:00:00.000000000,EXC001,OP1003,1526.4,6.98,7,15,Fastened,No,57.9
2025-05-10T21:30:00.000000000,EXC004,OP1008,1654.1,4.69,4,28,Fastened,No,36.7
2025-05-10T21:30:00.000000000,EXC005,OP1006,1755.5,10.17,8,43,Unfastened,Yes,52.9
2025-05-10T22:30:00.000000000,EXC005,OP1008,1761.1,6.44,11,45,Fastened,No,75.9
2025-05-10T23:00:00.000000000,EXC001,OP1008,1503.4,10.38,9,23,Unfastened,No,65.1
2025-05-10T23:00:00.000000000,EXC002,OP1007,1572.8,5.63,7,48,Unfastened,Yes,43.9
2025-05-10T23:00:00.000000000,EXC005,OP1005,1764.7,5.84,7,60,Fastened,No,60.4
2025-05-10T23:30:00.000000000,EXC001,OP1006,1595.6,9.43,9,10,Fastened,No,60.0
2025-05-10T23:30:00.000000000,EXC001,OP1009,1531.5,6.14,6,8,Fastened,No,51.5
2025-05-11T00:00:00.000000000,EXC002,OP1007,1585.0,6.41,5,36,Fastened,No,26.9
2025-05-11T00:00:00.000000000,EXC005,OP1010,1725.6,5.42,5,28,Unfastened,No,45.2
2025-05-11T00:30:00.000000000,EXC004,OP1005,1700.1,5.98,5,53,Fastened,No,44.8
2025-05-11T01:30:00.000000000,EXC002,OP1004,1612.8,3.05,4,17,Unfastened,No,21.7
2025-05-11T01:30:00.000000000,EXC002,OP1003,1643.8,10.36,11,8,Fastened,No,81.7
2025-05-11T02:00:00.000000000,EXC001,OP1008,1566.1,8.71,9,73,Fastened,Yes,57.8
2025-05-11T02:00:00.000000000,EXC004,OP1006,1659.6,9.55,9,36,Fastened,No,62.3
2025-05-11T02:00:00.000000000,EXC004,OP1005,1668.5,9.48,14,9,Fastened,No,106.0
2025-05-11T03:00:00.000000000,EXC002,OP1008,1577.1,4.48,4,20,Fastened,No,38.4
2025-05-11T03:00:00.000000000,EXC002,OP1007,1643.7,5.1,9,0,Fastened,No,64.8
2025-05-11T03:30:00.000000000,EXC001,OP1001,1503.8,10.92,10,10,Unfastened,No,75.6
2025-05-11T04:00:00.000000000,EXC005,OP1007,1776.1,7.73,9,23,Unfastened,No,63.4
2025-05-11T04:00:00.000000000,EXC003,OP1008,1614.7,5.31,7,0,Unfastened,No,39.6
2025-05-11T04:30:00.000000000,EXC001,OP1005,1516.3,4.1,10,4,Fastened,No,50.0
2025-05-11T05:00:00.000000000,EXC004,OP1007,1728.9,6.38,8,2,Fastened,No,51.8
2025-05-11T05:00:00.000000000,EXC002,OP1007,1612.1,5.57,9,44,Fastened,No,77.5
2025-05-11T05:00:00.000000000,EXC005,OP1005,1753.4,7.31,8,13,Fastened,No,63.9
2025-05-11T05:30:00.000000000,EXC003,OP1010,1678.4,11.85,12,43,Fastened,No,95.7
2025-05-11T06:00:00.000000000,EXC005,OP1002,1777.5,8.03,9,19,Fastened,No,47.6
2025-05-11T07:00:00.000000000,EXC004,OP1009,1656.6,9.99,8,53,Fastened,No,57.8
2025-05-11T07:00:00.000000000,EXC004,OP1006,1665.2,8.22,9,45,Fastened,No,50.4
2025-05-11T07:30:00.000000000,EXC005,OP1008,1741.7,7.07,10,21,Fastened,No,62.0
2025-05-11T08:00:00.000000000,EXC003,OP1008,1696.8,7.96,8,11,Fastened,No,47.8
2025-05-11T09:00:00.000000000,EXC003,OP1009,1621.9,7.82,8,40,Fastened,No,71.9
2025-05-11T09:00:00.000000000,EXC002,OP1003,1591.8,7.37,14,56,Fastened,No,88.3
2025-05-11T09:30:00.000000000,EXC003,OP1009,1684.6,7.73,8,37,Fastened,No,60.3
2025-05-11T10:00:00.000000000,EXC001,OP1010,1593.5,5.62,7,37,Fastened,No,47.3
2025-05-11T10:00:00.000000000,EXC001,OP1007,1598.1,3.67,5,29,Fastened,No,44.2
2025-05-11T10:30:00.000000000,EXC001,OP1001,1559.8,6.01,8,28,Fastened,No,63.0
2025-05-11T12:00:00.000000000,EXC003,OP1001,1628.9,6.0,7,11,Fastened,Yes,41.1
2025-05-11T12:00:00.000000000,EXC005,OP1009,1721.2,7.84,6,30,Fastened,No,37.0
2025-05-11T14:00:00.000000000,EXC002,OP1004,1557.4,9.32,10,50,Fastened,No,84.4
2025-05-11T14:30:00.000000000,EXC003,OP1002,1630.0,4.78,5,14,Unfastened,No,30.1
2025-05-11T15:00:00.000000000,EXC005,OP1009,1766.3,7.58,8,0,Fastened,No,62.8
2025-05-11T15:00:00.000000000,EXC002,OP1009,1600.7,10.45,10,29,Fastened,No,80.2
2025-05-11T16:30:00.000000000,EXC002,OP1006,1600.0,7.6,8,11,Fastened,No,41.9
2025-05-11T16:30:00.000000000,EXC001,OP1005,1511.2,11.3,11,32,Fastened,No,57.6
2025-05-11T17:30:00.000000000,EXC004,OP1006,1685.3,13.82,15,35,Fastened,No,120.5
2025-05-11T18:00:00.000000000,EXC004,OP1001,1704.0,8.49,12,29,Unfastened,No,67.1
2025-05-11T20:00:00.000000000,EXC005,OP1007,1784.8,8.1,8,0,Unfastened,No,40.4
2025-05-11T20:00:00.000000000,EXC005,OP1004,1777.4,11.76,11,57,Fastened,No,87.7
2025-05-11T20:30:00.000000000,EXC001,OP1010,1504.6,3.4,4,8,Fastened,Yes,43.1
2025-05-11T21:00:00.000000000,EXC005,OP1005,1766.2,8.87,8,30,Fastened,No,71.6
2025-05-11T21:00:00.000000000,EXC004,OP1010,1694.3,5.47,8,23,Fastened,No,72.6
2025-05-11T21:30:00.000000000,EXC005,OP1001,1733.2,3.34,2,39,Fastened,No,29.0
2025-05-11T21:30:00.000000000,EXC001,OP1009,1539.0,5.87,7,16,Fastened,No,40.5
2025-05-11T22:30:00.000000000,EXC005,OP1009,1757.5,7.07,6,34,Fastened,No,44.8
2025-05-11T23:30:00.000000000,EXC001,OP1001,1592.9,9.18,10,0,Fastened,No,60.4
2025-05-12T00:30:00.000000000,EXC003,OP1006,1618.2,7.94,9,33,Fastened,No,60.8
2025-05-12T01:30:00.000000000,EXC001,OP1005,1540.9,5.94,8,22,Fastened,No,71.0
2025-05-12T03:00:00.000000000,EXC005,OP1001,1716.2,5.62,7,18,Fastened,No,34.8
2025-05-12T05:30:00.000000000,EXC005,OP1009,1731.8,10.4,9,43,Fastened,Yes,66.7
2025-05-12T05:30:00.000000000,EXC001,OP1008,1508.2,8.32,9,36,Unfastened,No,37.4
2025-05-12T05:30:00.000000000,EXC001,OP1008,1500.6,8.7,11,34,Fastened,No,67.3
2025-05-12T06:00:00.000000000,EXC004,OP1001,1717.4,12.8,14,16,Fastened,No,62.5
2025-05-12T08:00:00.000000000,EXC005,OP1002,1729.2,9.79,13,43,Fastened,No,66.2
2025-05-12T08:30:00.000000000,EXC001,OP1003,1534.6,6.02,4,22,Fastened,No,31.2
2025-05-12T08:30:00.000000000,EXC005,OP1002,1797.1,7.31,5,25,Fastened,No,43.3
2025-05-12T09:00:00.000000000,EXC004,OP1007,1691.0,2.8,2,19,Fastened,No,27.4
2025-05-12T10:00:00.000000000,EXC004,OP1009,1661.7,8.24,10,6,Fastened,No,61.2
2025-05-12T11:00:00.000000000,EXC005,OP1008,1776.1,10.4,11,47,Fastened,No,102.9
2025-05-12T11:30:00.000000000,EXC003,OP1003,1682.9,8.22,10,0,Fastened,No,57.1
2025-05-12T14:30:00.000000000,EXC001,OP1001,1503.7,7.86,7,44,Fastened,No,47.7
2025-05-12T16:00:00.000000000,EXC005,OP1004,1720.4,9.92,9,36,Fastened,No,75.9
2025-05-12T16:30:00.000000000,EXC004,OP1007,1723.0,3.01,2,23,Fastened,No,9.9
2025-05-12T17:00:00.000000000,EXC004,OP1007,1678.2,5.06,6,15,Fastened,No,60.6
2025-05-12T17:00:00.000000000,EXC005,OP1002,1754.4,8.1,8,46,Fastened,No,40.1
2025-05-12T17:30:00.000000000,EXC001,OP1002,1507.2,4.94,4,48,Fastened,No,46.4
2025-05-12T17:30:00.000000000,EXC001,OP1009,1523.0,7.94,9,26,Unfastened,No,49.1
2025-05-12T17:30:00.000000000,EXC002,OP1008,1584.1,4.07,3,38,Fastened,No,37.7
2025-05-12T17:30:00.000000000,EXC002,OP1003,1634.4,5.6,9,18,Fastened,No,65.9
2025-05-12T18:30:00.000000000,EXC003,OP1010,1614.9,15.45,15,27,Fastened,No,122.0
2025-05-12T19:30:00.000000000,EXC003,OP1001,1679.3,5.99,11,36,Fastened,No,53.8
2025-05-12T19:30:00.000000000,EXC005,OP1003,1706.9,6.27,9,23,Unfastened,No,54.3
2025-05-12T20:30:00.000000000,EXC003,OP1009,1668.6,7.79,8,11,Fastened,No,72.6
2025-05-12T21:00:00.000000000,EXC002,OP1010,1573.7,5.56,11,35,Fastened,No,75.7
2025-05-12T21:00:00.000000000,EXC001,OP1002,1584.3,7.19,10,0,Fastened,No,63.3
2025-05-12T21:00:00.000000000,EXC003,OP1005,1654.3,10.55,13,7,Unfastened,No,88.0
2025-05-12T21:00:00.000000000,EXC005,OP1005,1726.3,5.71,7,58,Fastened,No,48.1
2025-05-12T22:30:00.000000000,EXC001,OP1003,1506.4,9.89,9,19,Fastened,No,66.7
2025-05-12T22:30:00.000000000,EXC001,OP1009,1577.3,6.48,7,14,Unfastened,No,44.0
2025-05-12T23:00:00.000000000,EXC003,OP1001,1634.9,3.63,4,31,Fastened,No,38.1
2025-05-12T23:00:00.000000000,EXC004,OP1003,1743.9,5.77,5,29,Fastened,No,26.5
2025-05-13T00:00:00.000000000,EXC003,OP1004,1604.9,5.48,6,41,Fastened,No,48.4
2025-05-13T00:00:00.000000000,EXC004,OP1009,1662.8,5.92,5,21,Unfastened,No,45.5
2025-05-13T01:30:00.000000000,EXC002,OP1009,1586.5,2.49,3,0,Fastened,No,37.4
2025-05-13T02:00:00.000000000,EXC003,OP1008,1612.8,8.48,9,23,Fastened,Yes,53.8
2025-05-13T05:00:00.000000000,EXC004,OP1006,1705.5,9.23,8,7,Fastened,No,46.7
2025-05-13T05:00:00.000000000,EXC005,OP1002,1727.5,9.26,11,48,Fastened,No,58.2
2025-05-13T08:00:00.000000000,EXC003,OP1003,1695.5,3.26,3,79,Fastened,Yes,37.6
2025-05-13T09:30:00.000000000,EXC002,OP1003,1561.8,8.09,10,12,Fastened,No,59.9
2025-05-13T10:30:00.000000000,EXC002,OP1004,1562.8,4.36,5,34,Fastened,No,33.2
2025-05-13T11:30:00.000000000,EXC001,OP1001,1547.4,4.13,1,0,Fastened,No,16.1
2025-05-13T13:00:00.000000000,EXC004,OP1010,1655.4,8.08,11,40,Fastened,No,54.0
2025-05-13T13:00:00.000000000,EXC005,OP1009,1700.3,4.83,6,20,Fastened,No,62.8
2025-05-13T13:30:00.000000000,EXC001,OP1010,1595.8,7.84,7,26,Fastened,No,71.3
2025-05-13T14:00:00.000000000,EXC002,OP1007,1639.0,5.98,4,37,Unfastened,No,42.2
2025-05-13T14:30:00.000000000,EXC005,OP1009,1723.7,5.9,7,14,Unfastened,No,42.0
2025-05-13T16:00:00.000000000,EXC001,OP1001,1561.7,4.21,4,9,Fastened,No,26.3
2025-05-13T17:00:00.000000000,EXC005,OP1001,1703.2,6.96,7,1,Fastened,No,55.3
2025-05-13T19:00:00.000000000,EXC003,OP1007,1666.0,7.35,9,55,Fastened,No,67.2
2025-05-13T19:30:00.000000000,EXC004,OP1004,1709.4,8.31,11,8,Unfastened,No,46.3
2025-05-13T19:30:00.000000000,EXC005,OP1008,1781.1,8.73,8,72,Unfastened,Yes,81.3
2025-05-13T21:30:00.000000000,EXC004,OP1003,1664.4,4.89,8,29,Unfastened,No,64.2
2025-05-13T22:30:00.000000000,EXC003,OP1009,1626.7,7.65,12,41,Fastened,No,100.9
2025-05-13T23:00:00.000000000,EXC003,OP1010,1677.0,7.64,11,26,Fastened,No,77.1
2025-05-13T23:30:00.000000000,EXC004,OP1009,1730.7,6.65,11,63,Unfastened,Yes,77.1
2025-05-14T00:30:00.000000000,EXC004,OP1005,1694.9,5.01,9,23,Fastened,No,50.0
2025-05-14T01:00:00.000000000,EXC005,OP1001,1753.7,3.49,6,52,Fastened,No,68.2
2025-05-14T01:30:00.000000000,EXC005,OP1003,1758.2,5.26,8,18,Fastened,No,70.3
2025-05-14T02:30:00.000000000,EXC002,OP1004,1586.3,5.84,12,9,Fastened,No,39.9
2025-05-14T04:00:00.000000000,EXC005,OP1007,1782.0,5.33,5,21,Unfastened,No,27.2
2025-05-14T04:30:00.000000000,EXC003,OP1009,1657.6,12.74,16,11,Fastened,No,75.8
2025-05-14T04:30:00.000000000,EXC003,OP1010,1634.3,3.76,3,33,Fastened,No,33.4
2025-05-14T05:30:00.000000000,EXC005,OP1002,1751.6,8.84,12,62,Fastened,No,111.4
2025-05-14T06:00:00.000000000,EXC001,OP1010,1515.6,5.74,6,33,Fastened,No,29.2
2025-05-14T06:30:00.000000000,EXC002,OP1005,1638.7,6.51,6,37,Fastened,No,42.4
2025-05-14T07:30:00.000000000,EXC003,OP1005,1636.7,5.39,6,33,Unfastened,No,36.2
2025-05-14T09:30:00.000000000,EXC004,OP1001,1689.7,8.77,11,30,Fastened,No,91.5
2025-05-14T10:30:00.000000000,EXC002,OP1001,1602.8,9.42,10,22,Fastened,No,76.7
2025-05-14T11:00:00.000000000,EXC003,OP1006,1688.6,4.72,7,6,Fastened,No,52.3
2025-05-14T11:00:00.000000000,EXC005,OP1009,1798.7,4.33,4,83,Fastened,Yes,39.7
2025-05-14T11:30:00.000000000,EXC005,OP1002,1779.8,8.45,11,9,Fastened,No,60.3
2025-05-14T11:30:00.000000000,EXC002,OP1008,1557.6,7.38,11,48,Fastened,No,68.0
2025-05-14T12:30:00.000000000,EXC005,OP1005,1740.5,4.19,7,31,Fastened,No,49.1
2025-05-14T12:30:00.000000000,EXC002,OP1010,1582.5,5.42,4,35,Fastened,Yes,50.3
2025-05-14T12:30:00.000000000,EXC002,OP1009,1620.6,7.16,8,79,Fastened,Yes,66.3
2025-05-14T14:00:00.000000000,EXC004,OP1007,1656.8,4.92,6,41,Fastened,No,65.4
2025-05-14T14:00:00.000000000,EXC004,OP1003,1675.5,6.64,7,0,Fastened,No,63.0
2025-05-14T14:00:00.000000000,EXC005,OP1004,1796.1,5.69,8,48,Fastened,No,54.9
2025-05-14T14:00:00.000000000,EXC001,OP1002,1589.4,10.51,9,0,Fastened,No,68.8
2025-05-14T14:30:00.000000000,EXC003,OP1002,1615.7,6.02,9,8,Fastened,No,80.9
2025-05-14T15:30:00.000000000,EXC005,OP1004,1794.0,5.84,11,40,Fastened,No,82.4
2025-05-14T16:00:00.000000000,EXC005,OP1006,1764.7,4.63,5,22,Fastened,No,28.4
2025-05-14T16:00:00.000000000,EXC002,OP1009,1602.2,5.33,9,32,Fastened,No,63.9
2025-05-14T17:30:00.000000000,EXC005,OP1004,1732.7,8.56,10,6,Fastened,No,47.6
2025-05-14T18:00:00.000000000,EXC003,OP1009,1666.3,4.81,8,15,Fastened,No,71.3
2025-05-14T18:00:00.000000000,EXC002,OP1009,1569.9,6.99,7,34,Unfastened,No,58.1
2025-05-14T18:30:00.000000000,EXC004,OP1006,1685.7,4.65,11,0,Fastened,No,55.0
2025-05-14T19:00:00.000000000,EXC002,OP1008,1616.7,6.75,8,24,Fastened,No,51.3
2025-05-14T20:00:00.000000000,EXC003,OP1001,1685.4,2.71,2,21,Fastened,No,30.0
2025-05-14T21:00:00.000000000,EXC001,OP1006,1525.5,7.95,9,25,Fastened,No,60.6
2025-05-14T21:30:00.000000000,EXC001,OP1002,1578.8,5.93,6,24,Fastened,No,32.1
2025-05-14T23:00:00.000000000,EXC004,OP1004,1701.4,7.26,9,8,Unfastened,No,62.2
2025-05-14T23:30:00.000000000,EXC003,OP1001,1667.0,3.18,5,49,Fastened,No,40.1
2025-05-15T01:30:00.000000000,EXC004,OP1010,1662.9,7.24,7,0,Fastened,No,55.2
2025-05-15T02:00:00.000000000,EXC005,OP1006,1714.4,7.93,9,16,Fastened,No,61.9
2025-05-15T02:00:00.000000000,EXC001,OP1010,1509.1,7.65,7,30,Fastened,No,58.8
2025-05-15T02:30:00.000000000,EXC004,OP1003,1686.1,4.64,7,13,Fastened,No,53.4
2025-05-15T04:00:00.000000000,EXC004,OP1007,1694.8,4.92,7,15,Fastened,No,47.3
2025-05-15T04:30:00.000000000,EXC005,OP1009,1727.5,5.16,3,22,Fastened,Yes,38.8
2025-05-15T05:30:00.000000000,EXC001,OP1004,1537.1,11.71,12,20,Unfastened,Yes,65.5
2025-05-15T07:00:00.000000000,EXC004,OP1005,1711.2,8.74,8,23,Fastened,No,44.9
2025-05-15T07:00:00.000000000,EXC002,OP1005,1647.1,8.36,9,44,Unfastened,Yes,45.9
2025-05-15T07:00:00.000000000,EXC004,OP1009,1662.8,7.51,9,37,Fastened,No,69.8
2025-05-15T07:30:00.000000000,EXC003,OP1008,1632.8,10.09,10,42,Fastened,No,71.8
2025-05-15T07:30:00.000000000,EXC003,OP1006,1616.3,8.0,6,21,Fastened,No,48.2
2025-05-15T07:30:00.000000000,EXC005,OP1005,1768.8,8.87,12,44,Fastened,No,72.2
2025-05-15T07:30:00.000000000,EXC002,OP1003,1576.4,6.67,6,39,Fastened,No,33.8
2025-05-15T08:00:00.000000000,EXC002,OP1010,1621.2,8.56,8,47,Fastened,No,35.7
2025-05-15T08:00:00.000000000,EXC003,OP1006,1650.6,5.35,3,50,Fastened,No,38.5
2025-05-15T08:30:00.000000000,EXC003,OP1005,1623.9,7.13,5,17,Fastened,No,46.5
2025-05-15T08:30:00.000000000,EXC003,OP1005,1615.6,6.21,7,10,Fastened,No,38.0
2025-05-15T09:00:00.000000000,EXC003,OP1001,1688.8,7.76,7,34,Fastened,No,53.3
2025-05-15T09:30:00.000000000,EXC004,OP1003,1746.7,4.76,8,47,Fastened,No,68.7
2025-05-15T10:00:00.000000000,EXC003,OP1007,1682.0,9.62,14,49,Fastened,No,81.6
2025-05-15T10:00:00.000000000,EXC005,OP1004,1794.9,7.87,8,40,Fastened,No,59.6
2025-05-15T11:30:00.000000000,EXC005,OP1007,1759.8,4.84,9,27,Fastened,No,71.0
2025-05-15T12:30:00.000000000,EXC003,OP1003,1608.9,4.66,3,19,Fastened,No,25.1
2025-05-15T13:00:00.000000000,EXC004,OP1006,1749.3,13.47,13,19,Unfastened,No,83.4
2025-05-15T13:00:00.000000000,EXC001,OP1002,1583.7,4.28,5,22,Fastened,No,43.3
2025-05-15T14:00:00.000000000,EXC001,OP1006,1550.0,9.04,9,25,Unfastened,No,71.1
2025-05-15T14:00:00.000000000,EXC002,OP1003,1647.2,7.73,9,5,Fastened,No,43.1
2025-05-15T14:00:00.000000000,EXC005,OP1007,1714.3,5.18,6,44,Unfastened,Yes,54.9
2025-05-15T14:00:00.000000000,EXC002,OP1003,1643.7,4.62,3,49,Fastened,No,35.7
2025-05-15T15:00:00.000000000,EXC001,OP1002,1563.3,4.16,5,51,Fastened,No,51.3
2025-05-15T16:30:00.000000000,EXC003,OP1006,1666.1,6.79,8,29,Fastened,No,48.9
2025-05-15T17:00:00.000000000,EXC004,OP1009,1735.2,10.51,13,38,Fastened,No,111.8
2025-05-15T18:30:00.000000000,EXC002,OP1003,1578.1,6.82,5,14,Fastened,No,40.0
2025-05-15T18:30:00.000000000,EXC003,OP1004,1660.6,5.01,5,15,Fastened,No,37.3
2025-05-15T19:30:00.000000000,EXC001,OP1002,1540.2,6.12,6,41,Fastened,No,53.1
2025-05-15T19:30:00.000000000,EXC002,OP1001,1595.2,10.62,11,9,Unfastened,No,59.8
2025-05-15T20:00:00.000000000,EXC004,OP1006,1718.6,6.69,8,60,Fastened,Yes,52.5
2025-05-15T21:30:00.000000000,EXC004,OP1004,1665.0,8.81,9,36,Fastened,No,43.5
2025-05-15T21:30:00.000000000,EXC001,OP1007,1512.6,9.33,9,27,Fastened,No,49.0
2025-05-15T23:00:00.000000000,EXC004,OP1004,1714.9,8.78,12,22,Fastened,No,62.2
2025-05-15T23:30:00.000000000,EXC001,OP1003,1538.6,4.09,6,28,Fastened,No,31.2
2025-05-15T23:30:00.000000000,EXC004,OP1006,1651.1,9.84,10,35,Unfastened,No,74.5
2025-05-16T00:00:00.000000000,EXC002,OP1002,1632.0,9.97,11,46,Fastened,No,63.7
2025-05-16T00:30:00.000000000,EXC005,OP1004,1732.0,4.34,7,42,Fastened,No,49.5
2025-05-16T00:30:00.000000000,EXC005,OP1007,1767.6,7.6,12,48,Fastened,No,99.6
2025-05-16T00:30:00.000000000,EXC001,OP1010,1534.9,3.1,3,29,Fastened,No,39.9
2025-05-16T01:00:00.000000000,EXC005,OP1003,1748.6,9.27,10,7,Fastened,No,64.5
2025-05-16T01:00:00.000000000,EXC001,OP1010,1546.1,8.77,10,23,Fastened,No,42.6
2025-05-16T01:00:00.000000000,EXC005,OP1009,1750.5,6.63,12,13,Fastened,No,58.2
2025-05-16T01:00:00.000000000,EXC004,OP1003,1708.5,9.22,12,47,Fastened,No,56.4
2025-05-16T01:30:00.000000000,EXC003,OP1009,1618.1,9.13,14,59,Unfastened,Yes,77.5
2025-05-16T01:30:00.000000000,EXC003,OP1003,1612.6,5.67,6,19,Fastened,No,46.7
2025-05-16T02:00:00.000000000,EXC004,OP1006,1706.9,12.94,14,21,Fastened,No,58.8
2025-05-16T03:00:00.000000000,EXC002,OP1005,1554.3,6.31,7,17,Fastened,No,39.7
2025-05-16T03:00:00.000000000,EXC005,OP1004,1763.2,6.8,8,52,Fastened,No,43.7
2025-05-16T03:00:00.000000000,EXC002,OP1009,1637.9,6.38,10,44,Fastened,No,78.2
2025-05-16T03:30:00.000000000,EXC002,OP1010,1551.0,5.97,6,44,Fastened,No,53.1
2025-05-16T04:00:00.000000000,EXC005,OP1003,1725.4,5.88,8,43,Unfastened,Yes,47.7
2025-05-16T04:00:00.000000000,EXC001,OP1006,1566.3,9.26,9,49,Unfastened,Yes,59.0
2025-05-16T04:30:00.000000000,EXC002,OP1008,1596.2,7.83,8,16,Fastened,No,62.3
2025-05-16T05:00:00.000000000,EXC001,OP1001,1566.9,7.31,5,43,Fastened,No,33.8
2025-05-16T05:00:00.000000000,EXC005,OP1002,1732.0,6.7,5,57,Unfastened,Yes,55.2
2025-05-16T06:00:00.000000000,EXC003,OP1009,1699.7,6.74,9,30,Fastened,No,64.3
2025-05-16T06:30:00.000000000,EXC004,OP1004,1738.4,8.19,10,41,Fastened,No,37.9
2025-05-16T06:30:00.000000000,EXC004,OP1005,1716.4,5.4,10,50,Fastened,No,80.7
2025-05-16T06:30:00.000000000,EXC004,OP1009,1656.9,7.76,9,30,Unfastened,No,75.5
2025-05-16T08:00:00.000000000,EXC002,OP1005,1646.6,9.8,12,4,Fastened,Yes,47.1
2025-05-16T08:00:00.000000000,EXC005,OP1001,1737.4,6.13,12,15,Fastened,No,70.3
2025-05-16T08:00:00.000000000,EXC003,OP1003,1666.8,6.52,4,9,Unfastened,No,30.6
2025-05-16T10:00:00.000000000,EXC001,OP1006,1559.6,5.18,9,26,Fastened,No,72.6
2025-05-16T10:00:00.000000000,EXC002,OP1001,1578.7,6.79,9,27,Fastened,No,46.1
2025-05-16T10:30:00.000000000,EXC004,OP1008,1724.2,7.63,9,27,Fastened,No,46.5
2025-05-16T11:00:00.000000000,EXC004,OP1004,1678.1,9.55,11,25,Fastened,No,68.8
2025-05-16T12:00:00.000000000,EXC001,OP1010,1542.5,7.39,10,36,Fastened,No,70.3
2025-05-16T12:30:00.000000000,EXC004,OP1003,1650.1,5.57,6,6,Fastened,Yes,47.1
2025-05-16T13:00:00.000000000,EXC005,OP1001,1709.6,8.54,13,0,Fastened,No,73.0
2025-05-16T13:30:00.000000000,EXC003,OP1004,1696.8,3.05,5,10,Unfastened,No,33.7
2025-05-16T14:00:00.000000000,EXC003,OP1006,1604.9,4.54,9,36,Fastened,No,71.4
2025-05-16T14:00:00.000000000,EXC003,OP1010,1624.3,3.85,9,26,Fastened,No,39.6
2025-05-16T14:00:00.000000000,EXC002,OP1004,1619.5,8.73,7,46,Fastened,No,41.2
2025-05-16T14:00:00.000000000,EXC002,OP1002,1597.9,7.32,9,26,Unfastened,No,85.1
2025-05-16T14:30:00.000000000,EXC005,OP1006,1714.7,6.2,5,42,Fastened,No,58.4
2025-05-16T14:30:00.000000000,EXC003,OP1003,1689.1,6.47,8,11,Fastened,No,46.0
2025-05-16T14:30:00.000000000,EXC002,OP1010,1629.6,8.14,9,3,Fastened,No,50.3
2025-05-16T14:30:00.000000000,EXC004,OP1007,1735.1,3.89,3,32,Fastened,No,31.1
2025-05-16T15:00:00.000000000,EXC002,OP1007,1598.7,10.48,11,26,Unfastened,No,71.4
2025-05-16T16:00:00.000000000,EXC004,OP1002,1726.7,3.5,4,38,Fastened,No,38.0
2025-05-16T16:00:00.000000000,EXC003,OP1003,1650.4,8.04,8,21,Fastened,No,44.0
2025-05-16T16:30:00.000000000,EXC004,OP1008,1742.8,5.71,6,26,Fastened,No,41.3
2025-05-16T16:30:00.000000000,EXC005,OP1009,1768.8,5.56,6,25,Fastened,No,42.3
2025-05-16T17:30:00.000000000,EXC003,OP1003,1614.5,2.82,5,46,Fastened,No,33.9
2025-05-16T18:00:00.000000000,EXC003,OP1002,1641.3,4.07,6,16,Fastened,No,27.6
2025-05-16T18:30:00.000000000,EXC001,OP1007,1537.8,4.1,7,16,Fastened,No,38.8
2025-05-16T19:00:00.000000000,EXC001,OP1004,1568.6,7.03,5,32,Fastened,No,34.4
2025-05-16T19:30:00.000000000,EXC002,OP1006,1558.4,10.16,10,16,Fastened,No,50.3
2025-05-16T20:30:00.000000000,EXC002,OP1001,1568.6,3.05,4,12,Fastened,No,53.0
2025-05-16T21:30:00.000000000,EXC004,OP1002,1655.6,6.01,7,53,Fastened,No,56.0
2025-05-16T22:00:00.000000000,EXC001,OP1009,1533.0,9.81,8,37,Fastened,No,59.3
2025-05-16T23:30:00.000000000,EXC002,OP1002,1577.0,2.91,5,18,Fastened,No,50.4
2025-05-17T00:00:00.000000000,EXC003,OP1001,1623.7,6.56,10,31,Fastened,No,69.5
2025-05-17T00:30:00.000000000,EXC003,OP1008,1623.0,7.68,7,16,Fastened,No,38.0
2025-05-17T01:30:00.000000000,EXC001,OP1007,1505.3,8.69,11,53,Fastened,No,83.6
2025-05-17T02:30:00.000000000,EXC003,OP1009,1699.4,7.14,6,15,Fastened,No,56.5
2025-05-17T02:30:00.000000000,EXC005,OP1005,1769.3,13.86,13,38,Fastened,No,92.3
2025-05-17T02:30:00.000000000,EXC003,OP1003,1613.3,8.84,7,46,Fastened,No,58.5
2025-05-17T02:30:00.000000000,EXC003,OP1007,1646.1,6.35,12,30,Fastened,No,52.0
2025-05-17T03:30:00.000000000,EXC001,OP1008,1507.5,7.52,11,61,Fastened,No,73.6
2025-05-17T04:00:00.000000000,EXC002,OP1008,1637.0,7.99,10,17,Unfastened,No,53.2
2025-05-17T04:30:00.000000000,EXC002,OP1002,1562.6,5.66,7,31,Fastened,No,55.3
2025-05-17T06:30:00.000000000,EXC003,OP1001,1636.6,9.67,13,25,Fastened,No,83.3
2025-05-17T07:00:00.000000000,EXC001,OP1003,1515.1,4.1,8,30,Unfastened,No,57.9
2025-05-17T07:00:00.000000000,EXC002,OP1009,1573.1,6.05,7,1,Fastened,No,63.4
2025-05-17T07:30:00.000000000,EXC005,OP1007,1712.7,8.69,9,12,Fastened,No,54.2
2025-05-17T08:30:00.000000000,EXC005,OP1003,1725.2,7.85,8,28,Fastened,No,47.7
2025-05-17T09:00:00.000000000,EXC004,OP1007,1733.8,5.74,4,19,Fastened,No,25.7
2025-05-17T09:30:00.000000000,EXC001,OP1009,1538.7,5.62,4,42,Fastened,No,30.2
2025-05-17T12:00:00.000000000,EXC002,OP1006,1643.8,7.32,7,23,Fastened,No,39.3
2025-05-17T12:30:00.000000000,EXC004,OP1006,1715.4,5.27,8,28,Fastened,Yes,41.3
2025-05-17T13:00:00.000000000,EXC001,OP1006,1513.3,5.6,8,19,Fastened,No,54.5
2025-05-17T13:30:00.000000000,EXC004,OP1006,1740.4,4.8,8,45,Fastened,No,56.3
2025-05-17T13:30:00.000000000,EXC004,OP1001,1737.6,6.01,4,7,Fastened,No,19.7
2025-05-17T14:00:00.000000000,EXC003,OP1001,1644.7,6.46,7,13,Fastened,No,55.1
2025-05-17T15:00:00.000000000,EXC003,OP1010,1646.8,9.07,11,37,Unfastened,No,59.1
2025-05-17T15:00:00.000000000,EXC001,OP1003,1526.6,7.8,8,16,Fastened,No,65.5
2025-05-17T15:00:00.000000000,EXC005,OP1006,1774.5,3.59,5,0,Unfastened,No,25.3
2025-05-17T15:30:00.000000000,EXC001,OP1005,1527.1,7.11,11,2,Fastened,No,77.2
2025-05-17T15:30:00.000000000,EXC002,OP1008,1600.1,9.42,13,14,Fastened,No,67.2
2025-05-17T16:00:00.000000000,EXC001,OP1006,1578.5,4.75,6,46,Fastened,No,48.8
2025-05-17T16:00:00.000000000,EXC001,OP1001,1504.6,9.22,7,28,Fastened,No,58.3
2025-05-17T16:30:00.000000000,EXC003,OP1005,1680.9,5.36,6,6,Fastened,No,52.7
2025-05-17T17:00:00.000000000,EXC004,OP1007,1690.8,6.75,8,22,Fastened,No,52.2
2025-05-17T17:30:00.000000000,EXC005,OP1010,1747.3,8.99,11,23,Fastened,No,60.7
2025-05-17T17:30:00.000000000,EXC001,OP1002,1555.0,2.95,3,16,Fastened,No,26.3
2025-05-17T17:30:00.000000000,EXC002,OP1008,1622.8,7.1,8,0,Fastened,No,60.0
2025-05-17T18:00:00.000000000,EXC003,OP1008,1617.2,8.69,7,24,Fastened,Yes,55.1
2025-05-17T19:00:00.000000000,EXC004,OP1007,1668.8,9.56,10,26,Unfastened,No,67.7
2025-05-17T19:00:00.000000000,EXC003,OP1008,1647.8,5.01,5,53,Unfastened,Yes,37.2
2025-05-17T19:30:00.000000000,EXC004,OP1009,1703.3,6.56,9,46,Unfastened,No,55.2
2025-05-17T20:00:00.000000000,EXC003,OP1007,1660.4,10.85,12,18,Fastened,No,82.9
2025-05-17T20:00:00.000000000,EXC001,OP1005,1505.5,10.83,13,29,Fastened,No,65.3
2025-05-17T20:30:00.000000000,EXC001,OP1005,1583.5,8.97,9,25,Fastened,No,46.7
2025-05-17T21:30:00.000000000,EXC001,OP1010,1543.5,7.84,10,0,Fastened,No,60.3
2025-05-17T22:30:00.000000000,EXC005,OP1006,1709.9,10.74,9,25,Unfastened,No,66.1
2025-05-17T22:30:00.000000000,EXC004,OP1004,1672.2,9.22,10,23,Fastened,No,51.8
2025-05-17T23:00:00.000000000,EXC002,OP1008,1593.6,4.52,7,35,Fastened,No,41.8
2025-05-18T01:00:00.000000000,EXC004,OP1008,1672.2,5.54,5,28,Fastened,No,36.9
2025-05-18T01:00:00.000000000,EXC004,OP1007,1708.7,4.53,7,10,Fastened,No,39.8
2025-05-18T01:30:00.000000000,EXC001,OP1006,1538.6,7.17,8,44,Unfastened,Yes,58.4
2025-05-18T02:30:00.000000000,EXC002,OP1008,1644.6,7.97,10,42,Fastened,No,66.5
2025-05-18T03:30:00.000000000,EXC004,OP1009,1742.2,4.19,4,61,Fastened,No,39.8
2025-05-18T04:00:00.000000000,EXC003,OP1008,1674.4,8.11,7,27,Fastened,No,58.9
2025-05-18T04:30:00.000000000,EXC002,OP1009,1627.4,5.6,7,26,Unfastened,No,40.1
2025-05-18T05:00:00.000000000,EXC001,OP1010,1563.3,9.53,10,20,Unfastened,No,59.9
2025-05-18T05:30:00.000000000,EXC004,OP1008,1727.8,5.98,8,42,Fastened,No,51.6
2025-05-18T06:00:00.000000000,EXC003,OP1003,1684.9,6.19,6,38,Fastened,No,40.8
2025-05-18T08:00:00.000000000,EXC001,OP1006,1565.5,6.69,8,0,Fastened,No,67.6
2025-05-18T08:00:00.000000000,EXC005,OP1004,1776.7,9.65,9,30,Fastened,No,57.1
2025-05-18T10:00:00.000000000,EXC002,OP1005,1639.0,5.03,5,24,Fastened,No,51.5
2025-05-18T10:00:00.000000000,EXC005,OP1004,1722.4,7.08,9,0,Fastened,No,51.6
2025-05-18T10:00:00.000000000,EXC002,OP1003,1594.8,2.28,3,37,Fastened,No,28.9
2025-05-18T10:00:00.000000000,EXC004,OP1005,1699.6,7.36,6,14,Fastened,No,41.9
2025-05-18T10:30:00.000000000,EXC005,OP1005,1742.6,7.27,7,37,Fastened,No,56.9
2025-05-18T11:00:00.000000000,EXC001,OP1004,1505.5,5.71,6,9,Fastened,No,38.0
2025-05-18T11:00:00.000000000,EXC005,OP1007,1736.6,7.01,7,39,Fastened,No,49.0
2025-05-18T11:30:00.000000000,EXC002,OP1009,1630.4,5.97,8,68,Fastened,Yes,64.3
2025-05-18T11:30:00.000000000,EXC001,OP1010,1512.3,5.35,6,0,Fastened,No,48.0
2025-05-18T11:30:00.000000000,EXC005,OP1004,1764.8,6.39,7,15,Fastened,No,58.2
2025-05-18T12:00:00.000000000,EXC003,OP1001,1637.5,8.27,8,57,Fastened,No,77.6
2025-05-18T12:00:00.000000000,EXC001,OP1008,1514.0,6.52,9,10,Fastened,No,47.5
2025-05-18T12:00:00.000000000,EXC001,OP1002,1524.7,5.1,4,49,Fastened,No,31.4
2025-05-18T12:00:00.000000000,EXC002,OP1003,1567.1,6.94,10,15,Fastened,No,78.1
2025-05-18T13:00:00.000000000,EXC001,OP1002,1528.6,6.9,7,22,Fastened,No,39.3
2025-05-18T13:00:00.000000000,EXC004,OP1003,1668.2,8.6,10,46,Fastened,No,59.0
2025-05-18T14:30:00.000000000,EXC002,OP1003,1642.3,7.89,8,6,Unfastened,No,56.3
2025-05-18T14:30:00.000000000,EXC001,OP1008,1591.8,5.06,5,26,Unfastened,No,33.8
2025-05-18T15:30:00.000000000,EXC001,OP1004,1534.4,7.11,7,39,Fastened,No,62.3
2025-05-18T15:30:00.000000000,EXC002,OP1007,1648.7,7.63,10,7,Fastened,No,43.9
2025-05-18T16:30:00.000000000,EXC002,OP1005,1632.3,5.33,6,25,Fastened,No,46.0
2025-05-18T17:30:00.000000000,EXC001,OP1001,1530.6,6.93,5,32,Fastened,No,33.2
2025-05-18T17:30:00.000000000,EXC001,OP1008,1526.1,9.51,12,12,Fastened,No,54.3
2025-05-18T17:30:00.000000000,EXC002,OP1007,1636.1,9.88,9,27,Fastened,No,45.7
2025-05-18T18:00:00.000000000,EXC001,OP1007,1511.1,8.21,8,22,Unfastened,No,53.7
2025-05-18T19:30:00.000000000,EXC003,OP1002,1665.4,5.08,6,26,Fastened,No,54.0
2025-05-18T20:00:00.000000000,EXC003,OP1002,1669.8,7.18,10,33,Fastened,No,74.6
2025-05-18T20:30:00.000000000,EXC005,OP1009,1794.1,6.15,9,10,Fastened,No,55.5
2025-05-18T21:00:00.000000000,EXC005,OP1007,1737.7,11.79,16,51,Fastened,No,121.8
2025-05-18T21:00:00.000000000,EXC002,OP1001,1641.7,9.65,10,60,Unfastened,Yes,63.9
2025-05-18T21:30:00.000000000,EXC003,OP1003,1612.6,7.31,11,13,Unfastened,No,82.3
2025-05-18T22:00:00.000000000,EXC004,OP1009,1735.2,8.93,10,54,Fastened,No,71.3
2025-05-18T23:00:00.000000000,EXC005,OP1007,1758.1,7.94,12,27,Fastened,No,70.6
2025-05-19T00:00:00.000000000,EXC005,OP1004,1790.5,3.89,3,35,Unfastened,No,24.8
2025-05-19T00:30:00.000000000,EXC003,OP1004,1684.0,5.42,7,39,Fastened,No,46.4
2025-05-19T03:00:00.000000000,EXC004,OP1001,1730.8,6.12,5,30,Fastened,No,49.9
2025-05-19T03:00:00.000000000,EXC005,OP1004,1796.2,6.7,9,15,Unfastened,No,66.0
2025-05-19T03:30:00.000000000,EXC001,OP1002,1598.5,5.5,9,31,Unfastened,No,56.9
2025-05-19T04:30:00.000000000,EXC003,OP1002,1618.0,6.19,7,48,Fastened,No,69.9
2025-05-19T06:00:00.000000000,EXC003,OP1010,1644.9,8.93,9,49,Fastened,No,60.5
2025-05-19T07:30:00.000000000,EXC004,OP1002,1673.6,5.47,4,14,Fastened,No,39.6
2025-05-19T08:30:00.000000000,EXC002,OP1004,1581.8,5.39,6,11,Fastened,No,53.6
2025-05-19T08:30:00.000000000,EXC005,OP1005,1758.0,5.1,7,21,Fastened,No,48.1
2025-05-19T08:30:00.000000000,EXC001,OP1003,1519.2,7.36,6,42,Fastened,No,42.8
2025-05-19T08:30:00.000000000,EXC001,OP1006,1585.4,7.26,7,22,Unfastened,No,64.0
2025-05-19T09:00:00.000000000,EXC002,OP1002,1578.8,6.45,7,40,Fastened,No,55.1
2025-05-19T10:00:00.000000000,EXC003,OP1005,1610.7,7.12,11,23,Fastened,No,61.0
2025-05-19T11:00:00.000000000,EXC005,OP1004,1701.0,5.33,6,6,Fastened,No,34.6
2025-05-19T11:00:00.000000000,EXC003,OP1002,1685.1,5.63,7,0,Fastened,No,55.5
2025-05-19T11:00:00.000000000,EXC003,OP1008,1686.0,7.37,7,35,Fastened,No,57.3
2025-05-19T11:30:00.000000000,EXC001,OP1009,1585.0,10.16,13,47,Fastened,No,87.0
2025-05-19T13:00:00.000000000,EXC002,OP1008,1625.4,11.76,12,31,Unfastened,No,104.5
2025-05-19T13:00:00.000000000,EXC004,OP1006,1720.5,9.27,13,48,Fastened,No,107.7
2025-05-19T13:00:00.000000000,EXC003,OP1009,1681.4,9.37,11,15,Unfastened,No,52.5
2025-05-19T14:30:00.000000000,EXC002,OP1008,1631.0,10.55,10,12,Fastened,Yes,59.4
2025-05-19T15:30:00.000000000,EXC005,OP1010,1781.7,4.68,6,0,Fastened,No,28.8
2025-05-19T15:30:00.000000000,EXC001,OP1007,1562.7,7.71,11,16,Unfastened,No,80.6
2025-05-19T15:30:00.000000000,EXC003,OP1005,1630.4,6.25,8,20,Fastened,No,48.4
2025-05-19T15:30:00.000000000,EXC005,OP1006,1785.8,4.82,6,31,Fastened,No,47.3
2025-05-19T15:30:00.000000000,EXC005,OP1006,1775.0,5.12,2,21,Unfastened,No,20.7
2025-05-19T16:00:00.000000000,EXC003,OP1007,1655.6,4.07,3,0,Fastened,No,26.3
2025-05-19T16:30:00.000000000,EXC004,OP1005,1671.3,4.9,5,54,Fastened,No,35.4
2025-05-19T17:30:00.000000000,EXC003,OP1009,1600.9,5.51,7,23,Fastened,No,52.5
2025-05-19T17:30:00.000000000,EXC004,OP1005,1735.9,6.76,12,63,Fastened,No,56.1
2025-05-19T17:30:00.000000000,EXC003,OP1010,1609.2,5.05,4,14,Fastened,No,32.2
2025-05-19T18:00:00.000000000,EXC002,OP1007,1587.7,5.41,7,28,Fastened,No,39.0
2025-05-19T18:00:00.000000000,EXC001,OP1008,1537.7,5.14,6,13,Fastened,No,44.7
2025-05-19T18:00:00.000000000,EXC002,OP1006,1589.2,7.54,7,36,Fastened,No,54.5
2025-05-19T18:00:00.000000000,EXC001,OP1008,1542.9,5.69,11,59,Fastened,No,74.2
2025-05-19T19:30:00.000000000,EXC003,OP1002,1686.0,6.08,8,12,Fastened,No,45.7
2025-05-19T19:30:00.000000000,EXC003,OP1010,1664.5,5.06,11,14,Fastened,No,82.5
2025-05-19T20:00:00.000000000,EXC005,OP1003,1783.5,5.4,6,20,Fastened,No,47.5
2025-05-19T20:30:00.000000000,EXC002,OP1009,1577.2,5.9,6,16,Fastened,No,52.0
2025-05-19T20:30:00.000000000,EXC003,OP1001,1605.6,6.07,6,27,Fastened,No,42.9
2025-05-19T21:00:00.000000000,EXC005,OP1003,1709.8,7.16,10,46,Unfastened,Yes,78.1
2025-05-19T21:00:00.000000000,EXC002,OP1010,1628.5,5.32,6,12,Unfastened,No,37.2
2025-05-19T22:30:00.000000000,EXC004,OP1008,1668.7,5.81,11,13,Unfastened,No,63.5
2025-05-19T23:00:00.000000000,EXC001,OP1003,1592.3,8.72,10,10,Fastened,No,42.7
2025-05-20T01:00:00.000000000,EXC001,OP1003,1533.3,4.52,10,25,Unfastened,No,74.8
2025-05-20T01:30:00.000000000,EXC005,OP1009,1744.3,6.17,6,13,Fastened,No,48.2
2025-05-20T02:30:00.000000000,EXC002,OP1009,1576.4,5.65,8,9,Fastened,No,43.9
2025-05-20T04:30:00.000000000,EXC001,OP1009,1521.3,8.39,10,21,Fastened,No,64.7
2025-05-20T06:00:00.000000000,EXC005,OP1008,1784.4,8.14,9,0,Fastened,No,64.3
2025-05-20T06:30:00.000000000,EXC005,OP1008,1738.4,9.2,8,8,Fastened,No,45.2
2025-05-20T07:30:00.000000000,EXC002,OP1002,1561.9,7.97,7,48,Fastened,No,47.6
2025-05-20T09:00:00.000000000,EXC004,OP1008,1657.2,8.65,9,42,Fastened,No,67.3
2025-05-20T10:00:00.000000000,EXC004,OP1007,1740.4,4.18,7,5,Fastened,No,51.9
2025-05-20T10:00:00.000000000,EXC001,OP1008,1524.6,10.0,12,9,Fastened,No,45.6
2025-05-20T10:30:00.000000000,EXC001,OP1005,1590.0,5.75,6,24,Fastened,No,57.4
2025-05-20T12:00:00.000000000,EXC002,OP1003,1639.4,6.07,6,15,Fastened,No,56.0
2025-05-20T13:00:00.000000000,EXC001,OP1004,1576.9,7.04,7,20,Fastened,No,46.4
2025-05-20T13:30:00.000000000,EXC004,OP1005,1686.5,6.07,4,38,Fastened,No,32.3
2025-05-20T13:30:00.000000000,EXC002,OP1007,1615.3,9.52,11,25,Fastened,No,77.7
2025-05-20T14:00:00.000000000,EXC005,OP1006,1723.4,6.23,7,52,Fastened,No,60.5
2025-05-20T15:30:00.000000000,EXC001,OP1007,1509.5,8.1,7,21,Fastened,No,30.6
2025-05-20T17:00:00.000000000,EXC001,OP1005,1539.8,4.99,5,12,Fastened,No,40.4
2025-05-20T18:00:00.000000000,EXC004,OP1005,1724.2,5.35,6,34,Fastened,No,46.3
2025-05-20T18:00:00.000000000,EXC004,OP1004,1724.6,5.97,8,11,Fastened,No,52.7
2025-05-20T18:30:00.000000000,EXC001,OP1005,1597.8,6.31,7,0,Fastened,No,50.1
2025-05-20T19:00:00.000000000,EXC005,OP1003,1767.1,4.37,8,16,Fastened,No,65.3
2025-05-20T19:30:00.000000000,EXC002,OP1009,1640.0,7.41,15,29,Fastened,Yes,121.6
2025-05-20T20:00:00.000000000,EXC002,OP1006,1600.6,6.06,5,21,Fastened,Yes,38.1
2025-05-20T20:00:00.000000000,EXC003,OP1010,1639.5,11.1,11,48,Fastened,No,59.0
2025-05-20T21:00:00.000000000,EXC001,OP1005,1525.7,5.75,8,35,Fastened,Yes,71.6
2025-05-20T21:30:00.000000000,EXC004,OP1008,1716.2,8.88,10,13,Fastened,No,67.3
2025-05-20T21:30:00.000000000,EXC002,OP1006,1604.6,5.35,5,23,Unfastened,No,37.7
2025-05-20T22:00:00.000000000,EXC005,OP1010,1742.6,4.78,5,36,Fastened,No,51.1
2025-05-20T23:30:00.000000000,EXC002,OP1004,1561.7,11.61,12,34,Fastened,No,89.7
2025-05-21T00:00:00.000000000,EXC001,OP1002,1587.5,5.38,3,35,Unfastened,No,30.4
2025-05-21T00:30:00.000000000,EXC003,OP1001,1671.9,9.47,10,49,Fastened,No,71.8
2025-05-21T01:00:00.000000000,EXC004,OP1006,1711.9,7.37,10,21,Unfastened,No,61.2
2025-05-21T02:00:00.000000000,EXC001,OP1005,1525.8,6.8,6,20,Unfastened,No,33.1
2025-05-21T04:30:00.000000000,EXC001,OP1003,1506.9,5.52,4,38,Unfastened,No,43.4
2025-05-21T04:30:00.000000000,EXC005,OP1001,1784.6,3.3,6,33,Fastened,No,62.3
2025-05-21T04:30:00.000000000,EXC003,OP1009,1679.6,1.61,1,0,Fastened,No,6.5
2025-05-21T05:00:00.000000000,EXC004,OP1010,1695.4,7.73,7,43,Fastened,No,55.8
2025-05-21T05:00:00.000000000,EXC003,OP1009,1642.4,7.9,9,0,Fastened,No,58.0
2025-05-21T05:30:00.000000000,EXC001,OP1010,1574.1,8.38,8,0,Fastened,No,53.1
2025-05-21T06:00:00.000000000,EXC003,OP1006,1674.9,7.49,10,23,Fastened,No,85.7
2025-05-21T06:30:00.000000000,EXC001,OP1009,1523.5,9.85,9,44,Fastened,No,70.4
2025-05-21T06:30:00.000000000,EXC002,OP1004,1644.7,6.54,8,58,Fastened,No,67.4
2025-05-21T07:00:00.000000000,EXC003,OP1005,1688.4,6.12,7,46,Fastened,No,59.9
2025-05-21T07:00:00.000000000,EXC003,OP1009,1614.8,11.44,11,41,Fastened,No,77.6
2025-05-21T07:00:00.000000000,EXC005,OP1002,1741.3,7.51,9,19,Fastened,No,48.5
2025-05-21T07:30:00.000000000,EXC001,OP1007,1550.3,7.1,7,27,Fastened,No,49.5
2025-05-21T08:00:00.000000000,EXC005,OP1007,1783.9,11.17,10,39,Fastened,Yes,51.4
2025-05-21T08:00:00.000000000,EXC005,OP1004,1788.7,3.92,5,52,Fastened,Yes,51.7
2025-05-21T09:00:00.000000000,EXC001,OP1001,1599.2,4.93,6,36,Fastened,Yes,43.9
2025-05-21T10:00:00.000000000,EXC002,OP1005,1594.4,6.89,6,30,Fastened,No,50.8
2025-05-21T10:30:00.000000000,EXC001,OP1004,1571.7,6.42,10,33,Fastened,No,83.1
2025-05-21T13:00:00.000000000,EXC002,OP1008,1589.6,9.09,10,20,Fastened,No,50.1
2025-05-21T13:00:00.000000000,EXC002,OP1002,1602.2,4.06,7,40,Fastened,No,54.9
2025-05-21T13:00:00.000000000,EXC004,OP1008,1682.9,3.45,2,17,Fastened,Yes,13.1
2025-05-21T14:30:00.000000000,EXC003,OP1010,1669.4,6.57,5,0,Fastened,No,28.4
2025-05-21T15:00:00.000000000,EXC002,OP1007,1563.1,5.95,7,24,Fastened,No,59.1
2025-05-21T15:30:00.000000000,EXC004,OP1002,1692.7,5.66,7,0,Fastened,No,33.0
2025-05-21T17:30:00.000000000,EXC002,OP1004,1582.4,4.94,5,50,Fastened,No,51.0
2025-05-21T18:00:00.000000000,EXC003,OP1006,1678.1,8.09,9,26,Fastened,No,59.2
2025-05-21T18:00:00.000000000,EXC005,OP1002,1741.0,6.21,9,46,Fastened,No,60.6
2025-05-21T18:00:00.000000000,EXC002,OP1009,1580.8,7.27,8,26,Fastened,No,34.4
2025-05-21T20:00:00.000000000,EXC005,OP1009,1779.3,7.05,12,13,Fastened,No,104.4
2025-05-21T21:00:00.000000000,EXC002,OP1010,1550.2,8.27,7,40,Fastened,No,63.2
2025-05-21T21:00:00.000000000,EXC003,OP1003,1638.4,9.3,8,37,Fastened,No,57.4
2025-05-21T21:00:00.000000000,EXC004,OP1007,1746.4,6.16,7,0,Fastened,No,37.9
2025-05-21T21:00:00.000000000,EXC004,OP1005,1722.8,9.71,11,27,Fastened,No,88.0
2025-05-21T21:00:00.000000000,EXC002,OP1010,1583.0,9.52,11,28,Unfastened,No,52.3
2025-05-21T22:00:00.000000000,EXC002,OP1005,1639.8,8.6,7,9,Fastened,No,56.3
2025-05-21T23:00:00.000000000,EXC005,OP1003,1712.9,7.22,10,26,Fastened,No,61.4
2025-05-21T23:30:00.000000000,EXC003,OP1003,1687.9,10.13,12,20,Fastened,No,68.3
2025-05-21T23:30:00.000000000,EXC004,OP1005,1667.1,5.11,6,32,Fastened,No,37.9
2025-05-22T02:00:00.000000000,EXC002,OP1007,1565.9,6.53,9,32,Fastened,No,55.4
2025-05-22T03:30:00.000000000,EXC001,OP1001,1577.2,6.19,9,1,Fastened,No,67.5
2025-05-22T05:00:00.000000000,EXC001,OP1003,1587.9,4.57,9,35,Fastened,No,44.0
2025-05-22T06:30:00.000000000,EXC002,OP1010,1570.6,7.11,9,0,Fastened,No,63.2
2025-05-22T08:30:00.000000000,EXC005,OP1009,1789.7,8.54,11,27,Fastened,No,70.1
2025-05-22T08:30:00.000000000,EXC001,OP1006,1501.5,8.37,9,26,Fastened,No,70.4
2025-05-22T08:30:00.000000000,EXC004,OP1006,1717.9,9.04,7,48,Fastened,No,56.8
2025-05-22T09:30:00.000000000,EXC002,OP1003,1637.5,6.73,8,40,Fastened,No,53.3
2025-05-22T09:30:00.000000000,EXC005,OP1002,1708.9,6.63,7,10,Fastened,No,51.6
2025-05-22T09:30:00.000000000,EXC005,OP1009,1787.1,2.27,2,57,Fastened,No,25.5
2025-05-22T10:30:00.000000000,EXC004,OP1008,1697.6,5.67,6,8,Fastened,No,36.4
2025-05-22T10:30:00.000000000,EXC004,OP1003,1687.0,10.25,10,36,Fastened,No,66.6
2025-05-22T10:30:00.000000000,EXC001,OP1003,1594.1,5.77,3,27,Fastened,No,33.4
2025-05-22T11:00:00.000000000,EXC004,OP1008,1718.2,5.14,5,25,Fastened,No,40.0
2025-05-22T11:00:00.000000000,EXC005,OP1007,1760.2,4.54,8,41,Fastened,No,45.3
2025-05-22T11:00:00.000000000,EXC005,OP1009,1785.7,4.4,5,14,Fastened,No,41.8
2025-05-22T11:30:00.000000000,EXC004,OP1003,1717.9,5.95,7,21,Fastened,No,47.2
2025-05-22T12:00:00.000000000,EXC003,OP1003,1612.0,5.61,6,36,Fastened,No,47.3
2025-05-22T13:00:00.000000000,EXC001,OP1001,1508.0,7.6,9,32,Fastened,No,59.3
2025-05-22T15:00:00.000000000,EXC001,OP1006,1504.0,7.07,6,35,Fastened,No,48.0
2025-05-22T17:30:00.000000000,EXC002,OP1007,1562.5,6.49,11,61,Fastened,No,82.8
2025-05-22T17:30:00.000000000,EXC005,OP1001,1744.1,9.95,15,15,Fastened,No,60.7
2025-05-22T18:30:00.000000000,EXC001,OP1008,1534.5,9.58,11,12,Fastened,No,53.6
2025-05-22T20:30:00.000000000,EXC004,OP1003,1739.3,5.81,7,12,Fastened,No,39.7
2025-05-22T20:30:00.000000000,EXC001,OP1006,1550.4,4.22,3,55,Fastened,No,29.5
2025-05-22T21:30:00.000000000,EXC002,OP1010,1553.5,9.19,10,38,Fastened,No,42.5
2025-05-22T22:00:00.000000000,EXC004,OP1001,1746.2,3.52,6,10,Fastened,No,36.4
2025-05-22T22:00:00.000000000,EXC003,OP1005,1681.8,7.75,9,29,Fastened,No,75.0
2025-05-22T22:00:00.000000000,EXC005,OP1009,1737.5,4.13,5,19,Fastened,No,28.3
2025-05-22T23:30:00.000000000,EXC001,OP1002,1552.9,7.88,7,26,Fastened,No,56.9
2025-05-23T02:00:00.000000000,EXC001,OP1004,1587.4,4.95,6,48,Fastened,No,41.7
2025-05-23T03:00:00.000000000,EXC004,OP1008,1746.0,9.13,7,9,Fastened,Yes,37.4
2025-05-23T04:00:00.000000000,EXC001,OP1001,1593.8,7.24,8,34,Fastened,No,51.9
2025-05-23T04:30:00.000000000,EXC005,OP1005,1716.6,6.76,11,0,Fastened,No,74.6
2025-05-23T05:00:00.000000000,EXC003,OP1002,1693.3,9.19,8,9,Fastened,No,66.3
2025-05-23T06:00:00.000000000,EXC002,OP1003,1628.2,9.99,10,56,Fastened,No,78.5
2025-05-23T06:00:00.000000000,EXC004,OP1005,1738.5,5.08,3,38,Unfastened,No,30.6
2025-05-23T06:30:00.000000000,EXC004,OP1003,1680.3,6.42,8,35,Fastened,No,59.9
2025-05-23T06:30:00.000000000,EXC004,OP1007,1744.2,3.97,8,12,Fastened,Yes,39.9
2025-05-23T07:00:00.000000000,EXC005,OP1008,1725.3,8.14,11,4,Fastened,No,55.9
2025-05-23T09:00:00.000000000,EXC001,OP1006,1587.7,7.78,7,52,Fastened,No,60.2
2025-05-23T09:30:00.000000000,EXC003,OP1002,1659.2,6.95,10,5,Fastened,No,39.4
2025-05-23T10:00:00.000000000,EXC004,OP1005,1707.3,4.96,6,29,Fastened,No,33.8
2025-05-23T10:00:00.000000000,EXC005,OP1010,1724.7,8.92,8,39,Fastened,No,50.4
2025-05-23T10:00:00.000000000,EXC004,OP1009,1677.6,7.12,10,27,Unfastened,No,45.4
2025-05-23T11:00:00.000000000,EXC005,OP1006,1796.7,5.15,7,28,Fastened,No,39.5
2025-05-23T11:30:00.000000000,EXC004,OP1010,1700.5,8.03,7,34,Unfastened,No,57.9
2025-05-23T12:30:00.000000000,EXC003,OP1007,1609.4,5.09,6,9,Fastened,No,44.8
2025-05-23T12:30:00.000000000,EXC002,OP1006,1573.6,4.19,8,46,Fastened,No,66.8
2025-05-23T13:00:00.000000000,EXC004,OP1007,1706.0,9.1,10,55,Unfastened,Yes,81.6
2025-05-23T13:00:00.000000000,EXC002,OP1003,1591.7,6.9,9,46,Unfastened,Yes,57.0
2025-05-23T13:30:00.000000000,EXC001,OP1005,1560.5,7.64,9,25,Fastened,No,47.8
2025-05-23T14:30:00.000000000,EXC004,OP1008,1689.5,9.98,9,12,Fastened,No,52.5
2025-05-23T15:00:00.000000000,EXC002,OP1006,1621.7,3.55,8,9,Fastened,No,50.2
2025-05-23T15:30:00.000000000,EXC003,OP1001,1601.7,4.44,6,3,Fastened,No,28.4
2025-05-23T16:30:00.000000000,EXC003,OP1009,1673.9,5.71,7,28,Fastened,No,50.0
2025-05-23T16:30:00.000000000,EXC003,OP1004,1612.0,7.65,9,18,Fastened,No,57.7
2025-05-23T17:00:00.000000000,EXC005,OP1006,1790.6,11.6,13,4,Unfastened,Yes,81.6
2025-05-23T17:00:00.000000000,EXC005,OP1003,1763.9,5.16,4,40,Fastened,No,31.4
2025-05-23T17:00:00.000000000,EXC003,OP1007,1669.8,5.61,7,16,Unfastened,No,40.2
2025-05-23T17:30:00.000000000,EXC002,OP1003,1637.6,8.64,8,32,Fastened,No,66.9
2025-05-23T18:00:00.000000000,EXC003,OP1003,1693.5,5.4,6,21,Fastened,Yes,48.6
2025-05-23T18:30:00.000000000,EXC002,OP1004,1582.6,3.46,4,12,Fastened,No,23.3
2025-05-23T19:30:00.000000000,EXC002,OP1007,1562.9,7.56,8,0,Fastened,No,64.7
2025-05-23T20:00:00.000000000,EXC003,OP1010,1686.2,10.69,11,38,Unfastened,No,63.2
2025-05-23T21:00:00.000000000,EXC004,OP1004,1669.7,6.25,6,66,Unfastened,Yes,67.0
2025-05-23T22:30:00.000000000,EXC004,OP1003,1698.9,5.16,6,51,Fastened,No,58.1
2025-05-23T22:30:00.000000000,EXC005,OP1002,1743.1,7.4,9,17,Fastened,No,58.3
2025-05-23T23:00:00.000000000,EXC003,OP1007,1676.7,4.37,7,46,Fastened,No,55.8
2025-05-23T23:00:00.000000000,EXC003,OP1003,1642.1,9.19,11,27,Fastened,No,62.7
2025-05-23T23:30:00.000000000,EXC001,OP1009,1544.6,5.8,13,4,Fastened,No,72.7
2025-05-23T23:30:00.000000000,EXC003,OP1008,1658.0,3.98,5,1,Fastened,No,37.5
2025-05-24T00:00:00.000000000,EXC001,OP1004,1569.8,11.71,12,19,Fastened,No,53.0
2025-05-24T02:00:00.000000000,EXC005,OP1002,1721.2,7.26,10,28,Fastened,No,48.9
2025-05-24T02:30:00.000000000,EXC002,OP1001,1592.5,5.78,8,29,Fastened,No,59.5
2025-05-24T03:00:00.000000000,EXC005,OP1010,1725.5,5.08,4,22,Fastened,No,47.0
2025-05-24T03:00:00.000000000,EXC003,OP1006,1644.3,9.32,7,8,Fastened,No,44.6
2025-05-24T04:30:00.000000000,EXC004,OP1007,1723.1,8.64,10,37,Unfastened,No,55.3
2025-05-24T05:30:00.000000000,EXC005,OP1008,1760.9,3.65,8,39,Fastened,No,50.4
2025-05-24T06:30:00.000000000,EXC003,OP1001,1692.3,9.89,11,24,Fastened,No,55.3
2025-05-24T06:30:00.000000000,EXC005,OP1006,1745.9,7.71,6,17,Unfastened,No,52.5
2025-05-24T07:30:00.000000000,EXC001,OP1010,1508.9,7.33,8,73,Fastened,Yes,57.0
2025-05-24T09:00:00.000000000,EXC002,OP1002,1557.4,4.49,4,3,Fastened,No,36.1
2025-05-24T10:00:00.000000000,EXC001,OP1009,1548.7,7.04,13,14,Unfastened,No,69.4
2025-05-24T11:30:00.000000000,EXC004,OP1010,1673.4,2.93,6,6,Fastened,No,44.4
2025-05-24T12:00:00.000000000,EXC001,OP1009,1532.0,5.42,8,32,Fastened,No,64.6
2025-05-24T12:00:00.000000000,EXC003,OP1006,1698.4,3.65,5,10,Fastened,No,33.6
2025-05-24T12:00:00.000000000,EXC002,OP1004,1625.6,11.2,10,41,Fastened,No,54.8
2025-05-24T12:30:00.000000000,EXC004,OP1004,1740.6,6.76,11,35,Fastened,No,57.0
2025-05-24T13:00:00.000000000,EXC004,OP1003,1746.3,2.84,3,11,Fastened,No,22.5
2025-05-24T13:00:00.000000000,EXC002,OP1006,1626.9,5.85,6,42,Fastened,No,49.8
2025-05-24T14:30:00.000000000,EXC005,OP1003,1791.6,10.23,10,20,Fastened,No,78.7
2025-05-24T14:30:00.000000000,EXC004,OP1003,1719.0,7.58,7,13,Fastened,No,59.7
2025-05-24T15:30:00.000000000,EXC004,OP1004,1699.5,6.71,7,15,Fastened,No,56.6
2025-05-24T17:00:00.000000000,EXC004,OP1004,1732.9,7.4,8,29,Fastened,No,58.9
2025-05-24T18:00:00.000000000,EXC003,OP1001,1682.1,3.66,7,19,Fastened,No,45.3
2025-05-24T18:30:00.000000000,EXC005,OP1001,1737.9,7.95,9,1,Fastened,No,68.4
2025-05-24T19:30:00.000000000,EXC004,OP1001,1700.1,5.86,5,70,Fastened,Yes,33.3
2025-05-24T20:00:00.000000000,EXC001,OP1008,1565.7,7.98,8,28,Fastened,No,45.8
2025-05-24T20:00:00.000000000,EXC004,OP1006,1747.2,10.29,11,33,Fastened,No,77.9
2025-05-24T20:00:00.000000000,EXC005,OP1005,1703.1,8.51,12,59,Fastened,No,56.9
2025-05-24T20:00:00.000000000,EXC001,OP1010,1577.1,7.24,6,14,Fastened,No,33.4
2025-05-24T20:30:00.000000000,EXC001,OP1010,1587.9,6.71,6,13,Fastened,No,47.5
2025-05-24T21:30:00.000000000,EXC003,OP1008,1629.1,4.69,6,30,Fastened,No,46.4
2025-05-24T22:00:00.000000000,EXC005,OP1003,1774.0,5.38,4,43,Fastened,No,49.4
2025-05-24T22:00:00.000000000,EXC005,OP1003,1728.9,7.01,6,0,Fastened,No,45.0
2025-05-24T22:00:00.000000000,EXC005,OP1010,1754.1,7.05,6,35,Fastened,No,45.9
2025-05-24T22:30:00.000000000,EXC001,OP1003,1511.1,4.53,7,17,Fastened,No,43.9
2025-05-24T22:30:00.000000000,EXC005,OP1003,1795.8,6.17,7,6,Fastened,No,35.2
2025-05-24T23:00:00.000000000,EXC005,OP1009,1741.0,7.9,6,24,Unfastened,No,58.1
2025-05-24T23:00:00.000000000,EXC005,OP1004,1728.8,4.03,4,30,Fastened,No,24.7
2025-05-25T01:30:00.000000000,EXC001,OP1002,1557.4,6.61,6,17,Fastened,No,46.7
2025-05-25T02:00:00.000000000,EXC003,OP1008,1686.2,7.01,8,23,Fastened,No,47.5
2025-05-25T02:00:00.000000000,EXC002,OP1001,1568.9,7.59,8,0,Fastened,No,52.3
2025-05-25T02:00:00.000000000,EXC003,OP1007,1600.1,3.59,3,30,Fastened,No,29.5
2025-05-25T02:30:00.000000000,EXC002,OP1008,1552.9,6.45,6,29,Fastened,No,46.5
2025-05-25T03:00:00.000000000,EXC002,OP1004,1605.6,10.81,13,31,Fastened,No,65.9
2025-05-25T05:30:00.000000000,EXC003,OP1003,1686.9,5.71,6,42,Fastened,No,32.1
2025-05-25T05:30:00.000000000,EXC002,OP1003,1647.7,8.26,12,0,Fastened,No,62.8
2025-05-25T06:00:00.000000000,EXC001,OP1003,1588.6,4.88,6,0,Fastened,No,36.8
2025-05-25T08:00:00.000000000,EXC004,OP1006,1659.4,8.23,12,17,Fastened,No,53.5
2025-05-25T09:30:00.000000000,EXC005,OP1005,1790.5,6.53,12,11,Fastened,No,78.5
2025-05-25T09:30:00.000000000,EXC003,OP1010,1676.5,4.83,5,12,Unfastened,No,36.8
2025-05-25T09:30:00.000000000,EXC005,OP1007,1745.8,5.32,12,10,Fastened,No,60.1
2025-05-25T10:30:00.000000000,EXC002,OP1008,1573.5,10.52,11,14,Fastened,No,77.8
2025-05-25T11:30:00.000000000,EXC005,OP1004,1745.9,7.97,6,15,Unfastened,No,38.1
2025-05-25T11:30:00.000000000,EXC001,OP1006,1560.2,9.94,9,13,Fastened,Yes,42.8
2025-05-25T12:30:00.000000000,EXC004,OP1004,1747.9,8.1,7,0,Unfastened,No,48.7
2025-05-25T12:30:00.000000000,EXC005,OP1002,1715.5,9.06,8,12,Fastened,No,55.7
2025-05-25T13:00:00.000000000,EXC002,OP1008,1559.1,6.33,9,7,Unfastened,No,58.2
2025-05-25T14:00:00.000000000,EXC002,OP1003,1643.0,2.54,3,36,Unfastened,No,36.7
2025-05-25T14:00:00.000000000,EXC002,OP1009,1608.1,9.27,11,18,Unfastened,No,60.5
2025-05-25T14:30:00.000000000,EXC003,OP1004,1645.8,5.22,7,0,Unfastened,No,52.4
2025-05-25T14:30:00.000000000,EXC004,OP1009,1680.0,6.8,10,46,Fastened,No,74.8
2025-05-25T14:30:00.000000000,EXC005,OP1007,1775.2,5.2,5,28,Unfastened,No,42.3
2025-05-25T14:30:00.000000000,EXC005,OP1010,1792.5,6.51,7,10,Fastened,No,43.6
2025-05-25T15:00:00.000000000,EXC002,OP1009,1562.1,7.99,13,20,Fastened,No,90.1
2025-05-25T17:00:00.000000000,EXC002,OP1001,1597.3,7.84,7,11,Fastened,No,39.3
2025-05-25T18:00:00.000000000,EXC002,OP1004,1580.0,8.94,8,3,Fastened,No,39.8
2025-05-25T19:00:00.000000000,EXC002,OP1009,1553.8,12.05,16,22,Fastened,No,110.5
2025-05-25T20:00:00.000000000,EXC001,OP1007,1551.5,4.01,5,36,Fastened,No,34.6
2025-05-25T20:30:00.000000000,EXC003,OP1003,1602.3,6.87,7,23,Fastened,No,62.3
2025-05-25T21:00:00.000000000,EXC003,OP1004,1654.1,3.29,6,31,Fastened,No,39.6
2025-05-25T21:30:00.000000000,EXC005,OP1002,1783.1,6.55,8,13,Unfastened,No,39.1
2025-05-25T21:30:00.000000000,EXC002,OP1001,1585.0,3.44,4,56,Fastened,No,34.2
2025-05-25T21:30:00.000000000,EXC005,OP1004,1795.4,5.49,5,11,Fastened,Yes,45.9
2025-05-25T22:30:00.000000000,EXC003,OP1007,1692.6,7.72,10,39,Fastened,No,72.6
2025-05-25T22:30:00.000000000,EXC002,OP1005,1632.6,9.68,10,60,Fastened,No,76.0
2025-05-25T22:30:00.000000000,EXC001,OP1002,1516.3,4.76,9,47,Fastened,No,63.4
2025-05-25T23:00:00.000000000,EXC003,OP1004,1623.1,8.84,11,12,Fastened,No,72.3
2025-05-25T23:30:00.000000000,EXC004,OP1008,1734.3,3.68,6,67,Fastened,Yes,68.9
2025-05-26T00:00:00.000000000,EXC005,OP1003,1723.0,2.9,4,22,Fastened,No,15.7
2025-05-26T00:30:00.000000000,EXC002,OP1008,1617.4,6.08,10,36,Fastened,No,67.2
2025-05-26T00:30:00.000000000,EXC003,OP1005,1688.1,5.72,7,25,Unfastened,No,40.8
2025-05-26T00:30:00.000000000,EXC004,OP1003,1686.4,5.26,9,24,Fastened,No,85.8
2025-05-26T02:30:00.000000000,EXC001,OP1006,1514.3,8.54,12,33,Fastened,No,92.8
2025-05-26T03:00:00.000000000,EXC001,OP1010,1544.2,6.2,13,30,Fastened,No,61.7
2025-05-26T04:00:00.000000000,EXC004,OP1007,1666.1,7.05,6,6,Fastened,No,47.1
2025-05-26T04:30:00.000000000,EXC005,OP1009,1747.2,5.21,5,60,Fastened,No,42.5
2025-05-26T05:30:00.000000000,EXC004,OP1004,1742.7,10.35,9,31,Fastened,No,55.6
2025-05-26T06:00:00.000000000,EXC002,OP1002,1556.7,6.94,8,25,Fastened,No,57.2
2025-05-26T07:00:00.000000000,EXC004,OP1007,1725.8,4.18,5,20,Fastened,No,51.3
2025-05-26T07:30:00.000000000,EXC001,OP1005,1597.2,7.39,11,42,Fastened,No,69.3
2025-05-26T07:30:00.000000000,EXC003,OP1010,1628.1,6.74,7,34,Fastened,No,48.3
2025-05-26T07:30:00.000000000,EXC002,OP1010,1622.8,5.18,7,16,Fastened,No,51.3
2025-05-26T09:00:00.000000000,EXC001,OP1010,1588.0,5.8,6,27,Fastened,No,52.0
2025-05-26T10:00:00.000000000,EXC005,OP1005,1711.3,7.55,8,0,Fastened,No,66.5
2025-05-26T10:00:00.000000000,EXC003,OP1004,1689.8,4.89,4,26,Fastened,No,39.5
2025-05-26T11:30:00.000000000,EXC005,OP1006,1735.7,4.58,10,0,Fastened,No,56.8
2025-05-26T12:30:00.000000000,EXC002,OP1010,1642.8,5.41,6,24,Unfastened,No,49.7
2025-05-26T13:00:00.000000000,EXC001,OP1003,1595.6,5.22,6,40,Fastened,No,58.7
2025-05-26T13:00:00.000000000,EXC002,OP1003,1555.7,7.65,14,50,Fastened,No,70.3
2025-05-26T13:30:00.000000000,EXC002,OP1009,1558.3,5.39,8,24,Fastened,No,68.1
2025-05-26T13:30:00.000000000,EXC004,OP1003,1745.2,6.22,8,10,Fastened,No,35.6
2025-05-26T13:30:00.000000000,EXC003,OP1009,1651.5,7.21,9,34,Fastened,No,56.5
2025-05-26T15:00:00.000000000,EXC004,OP1007,1749.8,7.61,10,12,Unfastened,No,50.3
2025-05-26T15:00:00.000000000,EXC002,OP1010,1594.5,8.62,9,0,Unfastened,No,47.6
2025-05-26T15:30:00.000000000,EXC001,OP1009,1543.6,6.57,6,49,Unfastened,Yes,38.6
2025-05-26T19:30:00.000000000,EXC003,OP1004,1615.3,10.7,12,47,Fastened,No,91.5
2025-05-26T20:30:00.000000000,EXC001,OP1001,1569.4,6.53,10,56,Fastened,No,65.5
2025-05-26T21:00:00.000000000,EXC002,OP1001,1636.9,5.55,7,5,Unfastened,No,55.8
2025-05-26T21:30:00.000000000,EXC004,OP1007,1713.5,6.72,7,19,Unfastened,No,38.5
2025-05-26T21:30:00.000000000,EXC001,OP1005,1584.1,4.27,6,35,Fastened,No,50.0
2025-05-26T22:00:00.000000000,EXC001,OP1010,1588.1,6.44,5,39,Fastened,No,45.0
2025-05-26T23:00:00.000000000,EXC002,OP1002,1620.4,5.81,5,24,Fastened,No,46.7
2025-05-27T00:30:00.000000000,EXC002,OP1010,1554.5,5.25,6,48,Fastened,No,46.5
2025-05-27T01:30:00.000000000,EXC001,OP1009,1526.1,8.0,7,32,Fastened,No,64.6
2025-05-27T01:30:00.000000000,EXC005,OP1001,1733.8,2.6,3,3,Fastened,No,26.9
2025-05-27T01:30:00.000000000,EXC004,OP1008,1685.4,10.49,14,37,Fastened,No,97.8
2025-05-27T02:00:00.000000000,EXC002,OP1006,1612.5,4.44,5,0,Unfastened,No,28.7
2025-05-27T03:00:00.000000000,EXC003,OP1002,1668.2,8.64,8,10,Unfastened,Yes,37.1
2025-05-27T03:00:00.000000000,EXC003,OP1008,1625.9,5.18,3,1,Fastened,No,30.1
2025-05-27T03:30:00.000000000,EXC003,OP1003,1684.5,5.6,6,19,Unfastened,No,32.1
2025-05-27T03:30:00.000000000,EXC003,OP1002,1619.6,4.37,5,37,Fastened,No,46.3
2025-05-27T04:30:00.000000000,EXC003,OP1005,1610.6,13.29,14,27,Unfastened,No,90.3
2025-05-27T04:30:00.000000000,EXC005,OP1010,1756.2,6.03,4,39,Fastened,Yes,54.0
2025-05-27T05:00:00.000000000,EXC004,OP1001,1711.0,6.29,7,33,Fastened,No,67.1
2025-05-27T05:30:00.000000000,EXC003,OP1004,1610.5,4.03,5,3,Fastened,No,50.1
2025-05-27T07:00:00.000000000,EXC005,OP1009,1785.0,3.73,4,7,Unfastened,No,26.8
2025-05-27T07:00:00.000000000,EXC005,OP1006,1764.0,7.22,8,50,Fastened,No,64.3
2025-05-27T07:30:00.000000000,EXC002,OP1005,1584.6,12.57,13,22,Fastened,No,78.8
2025-05-27T08:30:00.000000000,EXC005,OP1008,1792.8,8.2,6,16,Unfastened,No,46.5
2025-05-27T09:30:00.000000000,EXC005,OP1009,1735.8,4.38,2,4,Fastened,No,29.1
2025-05-27T10:30:00.000000000,EXC003,OP1002,1669.4,7.14,7,29,Fastened,No,59.8
2025-05-27T12:30:00.000000000,EXC003,OP1005,1695.4,9.15,10,26,Fastened,No,83.9
2025-05-27T12:30:00.000000000,EXC004,OP1001,1675.4,6.1,7,0,Fastened,No,44.3
2025-05-27T13:30:00.000000000,EXC005,OP1007,1796.4,5.85,8,18,Fastened,No,48.8
2025-05-27T14:00:00.000000000,EXC003,OP1003,1667.8,3.93,4,30,Fastened,No,40.4
2025-05-27T15:30:00.000000000,EXC004,OP1008,1694.2,4.85,3,27,Unfastened,No,31.6
2025-05-27T16:00:00.000000000,EXC005,OP1005,1776.9,5.21,4,67,Fastened,Yes,43.7
2025-05-27T16:30:00.000000000,EXC001,OP1007,1554.3,5.24,7,35,Fastened,No,41.6
2025-05-27T18:00:00.000000000,EXC003,OP1002,1600.2,10.4,9,1,Unfastened,No,51.5
2025-05-27T18:30:00.000000000,EXC001,OP1008,1538.3,6.13,7,24,Fastened,No,38.2
2025-05-27T18:30:00.000000000,EXC005,OP1004,1723.8,4.79,5,29,Fastened,No,34.9
2025-05-27T18:30:00.000000000,EXC002,OP1009,1597.4,5.24,5,40,Fastened,No,21.8
2025-05-27T19:00:00.000000000,EXC004,OP1006,1679.0,6.62,5,0,Fastened,No,24.9
2025-05-27T19:00:00.000000000,EXC002,OP1004,1578.4,7.3,9,6,Fastened,No,30.9
2025-05-27T19:30:00.000000000,EXC005,OP1009,1770.9,7.19,6,38,Fastened,No,68.8
2025-05-27T20:00:00.000000000,EXC003,OP1006,1662.7,4.96,9,8,Fastened,No,58.0
2025-05-27T20:30:00.000000000,EXC002,OP1005,1557.9,7.77,11,19,Unfastened,No,67.0
2025-05-27T21:30:00.000000000,EXC003,OP1006,1613.4,7.26,9,15,Fastened,No,72.1
2025-05-27T21:30:00.000000000,EXC004,OP1006,1718.8,4.21,7,23,Fastened,No,37.6
2025-05-27T22:00:00.000000000,EXC005,OP1009,1738.8,8.28,8,10,Fastened,No,74.3
2025-05-27T22:00:00.000000000,EXC004,OP1002,1654.0,6.09,10,63,Unfastened,Yes,85.6
2025-05-28T00:00:00.000000000,EXC001,OP1007,1548.9,7.3,8,12,Unfastened,No,37.7
2025-05-28T00:30:00.000000000,EXC004,OP1004,1721.9,5.29,5,54,Fastened,No,49.5
2025-05-28T00:30:00.000000000,EXC005,OP1002,1740.8,6.19,5,49,Fastened,No,42.4
2025-05-28T01:00:00.000000000,EXC003,OP1005,1619.3,4.69,5,30,Unfastened,No,43.6
2025-05-28T01:30:00.000000000,EXC001,OP1005,1530.8,6.23,7,64,Fastened,No,51.0
2025-05-28T01:30:00.000000000,EXC005,OP1005,1735.5,6.63,6,37,Unfastened,No,51.0
2025-05-28T02:00:00.000000000,EXC004,OP1004,1693.4,6.22,9,22,Fastened,No,41.4
2025-05-28T02:00:00.000000000,EXC003,OP1006,1622.5,7.02,9,16,Fastened,No,81.9
2025-05-28T03:30:00.000000000,EXC001,OP1001,1517.5,10.56,11,67,Unfastened,Yes,61.2
2025-05-28T04:00:00.000000000,EXC003,OP1008,1601.9,4.1,4,43,Fastened,No,48.4
2025-05-28T04:30:00.000000000,EXC003,OP1005,1608.4,8.09,9,3,Fastened,No,58.0
2025-05-28T04:30:00.000000000,EXC002,OP1007,1586.9,3.9,3,26,Fastened,No,20.9
2025-05-28T04:30:00.000000000,EXC002,OP1010,1572.6,6.59,6,52,Fastened,No,52.2
2025-05-28T05:00:00.000000000,EXC004,OP1001,1723.3,7.47,7,21,Fastened,No,30.0
2025-05-28T06:30:00.000000000,EXC005,OP1006,1707.4,9.53,8,17,Fastened,No,41.0
2025-05-28T07:00:00.000000000,EXC001,OP1004,1595.3,5.31,3,20,Unfastened,No,17.7
2025-05-28T07:30:00.000000000,EXC003,OP1009,1630.2,8.5,8,26,Unfastened,No,52.7
2025-05-28T07:30:00.000000000,EXC001,OP1001,1557.5,3.37,3,35,Fastened,No,37.2
2025-05-28T08:00:00.000000000,EXC002,OP1002,1575.8,9.36,10,18,Fastened,No,57.6
2025-05-28T09:00:00.000000000,EXC003,OP1007,1685.0,8.58,9,26,Fastened,No,52.2
2025-05-28T09:00:00.000000000,EXC005,OP1010,1705.8,13.83,13,47,Unfastened,Yes,105.2
2025-05-28T09:30:00.000000000,EXC001,OP1004,1571.0,5.65,7,38,Fastened,No,66.2
2025-05-28T09:30:00.000000000,EXC005,OP1009,1717.1,4.1,5,10,Fastened,No,46.1
2025-05-28T10:00:00.000000000,EXC002,OP1008,1616.7,4.53,8,10,Unfastened,No,70.0
2025-05-28T12:30:00.000000000,EXC004,OP1002,1732.7,12.82,15,39,Fastened,No,78.8
2025-05-28T14:30:00.000000000,EXC001,OP1003,1569.6,7.64,9,1,Unfastened,No,55.0
2025-05-28T14:30:00.000000000,EXC002,OP1004,1641.1,5.53,11,0,Fastened,No,77.8
2025-05-28T15:00:00.000000000,EXC001,OP1004,1570.7,7.61,10,27,Fastened,No,62.9
2025-05-28T16:00:00.000000000,EXC001,OP1007,1572.5,6.89,5,47,Fastened,No,31.2
2025-05-28T16:30:00.000000000,EXC003,OP1001,1658.5,8.23,8,28,Fastened,No,65.1
2025-05-28T16:30:00.000000000,EXC001,OP1009,1544.1,8.42,10,18,Unfastened,No,54.4
2025-05-28T17:00:00.000000000,EXC002,OP1001,1590.4,2.65,3,24,Fastened,No,20.8
2025-05-28T17:30:00.000000000,EXC001,OP1005,1529.7,5.04,6,46,Fastened,No,64.0
2025-05-28T17:30:00.000000000,EXC004,OP1010,1702.8,6.76,7,8,Fastened,No,57.6
2025-05-28T17:30:00.000000000,EXC005,OP1009,1758.6,6.05,10,41,Fastened,No,71.4
2025-05-28T18:00:00.000000000,EXC001,OP1001,1591.1,4.09,3,36,Fastened,No,26.0
2025-05-28T18:30:00.000000000,EXC005,OP1002,1711.9,3.84,4,31,Fastened,No,40.5
2025-05-28T18:30:00.000000000,EXC004,OP1007,1663.9,7.4,16,36,Fastened,No,76.9
2025-05-28T19:00:00.000000000,EXC001,OP1001,1578.4,12.1,13,47,Fastened,No,64.7
2025-05-28T19:00:00.000000000,EXC002,OP1001,1620.2,7.88,11,2,Fastened,No,84.0
2025-05-28T19:30:00.000000000,EXC003,OP1002,1645.0,6.53,6,0,Fastened,No,44.7
2025-05-28T21:00:00.000000000,EXC002,OP1009,1587.1,7.41,8,13,Fastened,No,66.1
2025-05-28T22:00:00.000000000,EXC005,OP1010,1725.6,6.85,6,0,Fastened,No,46.7
2025-05-28T22:00:00.000000000,EXC002,OP1009,1608.0,6.21,10,34,Fastened,No,65.7
2025-05-28T22:30:00.000000000,EXC005,OP1005,1777.4,4.85,6,21,Fastened,Yes,43.0
2025-05-28T23:00:00.000000000,EXC003,OP1009,1620.6,6.93,11,31,Fastened,No,53.0
2025-05-28T23:00:00.000000000,EXC005,OP1004,1709.0,8.8,9,3,Fastened,No,61.4
2025-05-28T23:00:00.000000000,EXC002,OP1007,1576.6,3.95,5,8,Fastened,No,37.1
2025-05-28T23:30:00.000000000,EXC005,OP1004,1741.2,9.43,8,27,Fastened,No,38.6
2025-05-28T23:30:00.000000000,EXC002,OP1003,1616.8,9.03,9,39,Unfastened,No,71.4
2025-05-29T00:00:00.000000000,EXC004,OP1007,1740.2,6.08,6,68,Fastened,Yes,39.8
2025-05-29T01:30:00.000000000,EXC005,OP1005,1788.3,4.71,6,59,Fastened,No,48.4
2025-05-29T01:30:00.000000000,EXC001,OP1009,1586.1,6.3,8,9,Fastened,No,40.8
2025-05-29T02:00:00.000000000,EXC005,OP1005,1793.8,4.17,3,28,Fastened,No,30.2
2025-05-29T03:30:00.000000000,EXC004,OP1008,1700.0,4.48,6,39,Fastened,No,43.4
2025-05-29T06:30:00.000000000,EXC003,OP1006,1700.0,7.72,14,7,Unfastened,Yes,94.6
2025-05-29T06:30:00.000000000,EXC004,OP1006,1706.4,7.87,8,25,Fastened,No,47.2
2025-05-29T06:30:00.000000000,EXC001,OP1004,1509.2,6.64,8,0,Fastened,No,46.5
2025-05-29T06:30:00.000000000,EXC002,OP1001,1553.4,10.33,14,19,Unfastened,No,93.9
2025-05-29T07:30:00.000000000,EXC004,OP1006,1699.4,5.98,8,11,Fastened,No,55.5
2025-05-29T07:30:00.000000000,EXC002,OP1009,1628.9,5.74,9,25,Fastened,No,38.2
2025-05-29T08:00:00.000000000,EXC005,OP1008,1787.9,6.86,7,6,Fastened,No,48.4
2025-05-29T09:00:00.000000000,EXC001,OP1008,1592.2,6.28,9,6,Fastened,No,61.2
2025-05-29T09:30:00.000000000,EXC003,OP1004,1667.9,9.04,8,13,Fastened,No,52.3
2025-05-29T10:00:00.000000000,EXC001,OP1010,1586.8,7.09,8,0,Fastened,No,59.8
2025-05-29T10:30:00.000000000,EXC003,OP1007,1655.7,6.25,5,45,Fastened,No,49.5
2025-05-29T11:00:00.000000000,EXC002,OP1003,1634.7,6.52,10,31,Unfastened,No,77.5
2025-05-29T13:30:00.000000000,EXC002,OP1002,1599.2,6.22,6,0,Fastened,No,39.1
2025-05-29T13:30:00.000000000,EXC001,OP1003,1595.7,5.86,8,32,Fastened,No,63.1
2025-05-29T14:30:00.000000000,EXC005,OP1002,1747.3,5.76,8,6,Unfastened,No,59.0
2025-05-29T15:00:00.000000000,EXC001,OP1004,1570.0,8.4,9,46,Fastened,Yes,82.4
2025-05-29T15:00:00.000000000,EXC005,OP1007,1791.7,6.22,7,12,Fastened,No,50.7
2025-05-29T15:00:00.000000000,EXC003,OP1001,1638.2,8.67,9,25,Fastened,No,68.5
2025-05-29T15:00:00.000000000,EXC003,OP1002,1647.4,7.77,8,27,Fastened,No,48.0
2025-05-29T15:00:00.000000000,EXC001,OP1004,1583.5,5.97,7,13,Fastened,No,50.4
2025-05-29T15:30:00.000000000,EXC003,OP1008,1604.5,9.65,8,22,Fastened,Yes,47.5
2025-05-29T15:30:00.000000000,EXC005,OP1004,1729.6,4.11,9,5,Fastened,No,64.4
2025-05-29T16:00:00.000000000,EXC002,OP1003,1583.5,4.53,9,46,Fastened,No,78.2
2025-05-29T16:30:00.000000000,EXC005,OP1008,1767.3,8.38,10,43,Fastened,No,48.9
2025-05-29T16:30:00.000000000,EXC004,OP1006,1736.2,6.97,8,71,Fastened,Yes,66.0
2025-05-29T17:00:00.000000000,EXC005,OP1009,1703.2,12.8,12,6,Fastened,No,54.1
2025-05-29T17:00:00.000000000,EXC001,OP1001,1522.0,7.36,8,25,Fastened,No,43.9
2025-05-29T17:00:00.000000000,EXC002,OP1008,1567.1,7.04,10,0,Fastened,No,68.7
2025-05-29T17:30:00.000000000,EXC001,OP1004,1548.6,8.59,7,31,Fastened,No,45.2
2025-05-29T19:00:00.000000000,EXC004,OP1004,1705.2,7.7,9,11,Fastened,No,68.4
2025-05-29T19:00:00.000000000,EXC002,OP1003,1574.1,7.85,6,58,Fastened,No,52.3
2025-05-29T19:30:00.000000000,EXC004,OP1004,1655.6,5.73,5,19,Unfastened,No,40.3
2025-05-29T19:30:00.000000000,EXC003,OP1009,1663.4,6.22,7,24,Fastened,No,38.8
2025-05-29T20:00:00.000000000,EXC001,OP1003,1528.3,9.76,10,20,Unfastened,No,46.1
2025-05-29T20:30:00.000000000,EXC001,OP1010,1530.3,3.54,7,36,Fastened,No,62.4
2025-05-29T21:00:00.000000000,EXC002,OP1005,1594.3,3.43,2,32,Fastened,No,30.8
2025-05-29T21:30:00.000000000,EXC002,OP1005,1589.6,8.98,9,13,Fastened,No,65.0
2025-05-29T22:00:00.000000000,EXC003,OP1001,1673.5,5.01,4,26,Unfastened,No,37.0
2025-05-29T22:30:00.000000000,EXC002,OP1010,1627.2,9.26,9,21,Fastened,Yes,57.9
2025-05-29T23:00:00.000000000,EXC005,OP1003,1719.0,6.57,13,53,Fastened,No,81.8
2025-05-30T00:00:00.000000000,EXC001,OP1009,1548.8,6.03,5,27,Fastened,No,43.5
2025-05-30T00:00:00.000000000,EXC002,OP1010,1640.1,5.77,5,47,Fastened,No,35.3
2025-05-30T00:30:00.000000000,EXC003,OP1001,1602.1,12.98,12,21,Fastened,No,95.2
2025-05-30T01:00:00.000000000,EXC001,OP1001,1537.2,5.87,5,0,Fastened,Yes,31.5
2025-05-30T02:00:00.000000000,EXC003,OP1001,1656.4,6.86,4,13,Fastened,No,38.1
2025-05-30T02:30:00.000000000,EXC005,OP1005,1797.6,6.36,8,30,Fastened,No,54.1
2025-05-30T03:30:00.000000000,EXC004,OP1004,1714.0,8.45,12,26,Fastened,No,77.7
2025-05-30T04:00:00.000000000,EXC001,OP1005,1569.6,5.15,5,3,Fastened,No,42.2
2025-05-30T06:00:00.000000000,EXC005,OP1008,1732.3,7.39,6,55,Unfastened,Yes,41.1
2025-05-30T07:30:00.000000000,EXC001,OP1002,1517.0,7.0,9,9,Fastened,No,71.0
2025-05-30T07:30:00.000000000,EXC003,OP1010,1668.1,8.63,12,2,Fastened,No,78.9
2025-05-30T09:30:00.000000000,EXC005,OP1002,1783.7,8.25,13,28,Unfastened,No,56.0
2025-05-30T09:30:00.000000000,EXC004,OP1008,1724.4,6.26,7,35,Fastened,No,40.3
2025-05-30T10:00:00.000000000,EXC001,OP1010,1589.1,5.92,8,14,Unfastened,No,61.6
2025-05-30T10:30:00.000000000,EXC001,OP1001,1587.9,11.43,11,72,Fastened,Yes,67.3
2025-05-30T11:30:00.000000000,EXC005,OP1007,1767.6,11.4,13,41,Fastened,No,84.8
2025-05-30T12:00:00.000000000,EXC001,OP1003,1577.3,11.58,15,7,Fastened,No,78.2
2025-05-30T12:00:00.000000000,EXC005,OP1005,1745.4,6.04,8,29,Fastened,No,61.1
2025-05-30T12:30:00.000000000,EXC001,OP1004,1595.3,5.49,4,24,Fastened,No,23.1
2025-05-30T12:30:00.000000000,EXC005,OP1007,1770.8,4.62,4,6,Fastened,No,45.5
2025-05-30T14:00:00.000000000,EXC003,OP1005,1682.4,4.12,8,27,Fastened,No,69.7
2025-05-30T14:30:00.000000000,EXC005,OP1005,1718.3,5.15,9,11,Fastened,No,81.2
2025-05-30T17:30:00.000000000,EXC002,OP1007,1578.4,6.56,9,20,Fastened,No,64.9
2025-05-30T17:30:00.000000000,EXC002,OP1001,1579.9,3.55,4,38,Fastened,No,41.8
